step,t_sim,cmd_index,primitive,eef_x,eef_y,eef_z,eef_qx,eef_qy,eef_qz,eef_qw,gripper_aperture,gripper_cmd,dpos_x,dpos_y,dpos_z,drot_x,drot_y,drot_z,q0,q1,q2,q3,q4,q5,q6,dq0,dq1,dq2,dq3,dq4,dq5,dq6
1,0.05,1,move_to,-0.10195675109314839,-0.0017056769398315099,1.009932531482632,0.9979816999865875,-0.0007675475675412406,0.06349617955107509,0.00041538539903898593,0.539464794279469,-1.0,0.006624387355964195,-0.016569933714009548,-0.009030769007757393,0.0,0.0,0.0,-0.0008940962933732274,0.20170058714005334,-0.0028028604601656928,-2.6146201555516995,0.00021667991678031088,2.9433905899834962,0.7837183710003435,-0.028719687826269838,0.1664161226568432,-0.07596798402513631,0.10529641313829034,0.020571851708647223,0.05658366291292354,-0.07021941506105564
2,0.1,1,move_to,-0.10039339919243107,-0.004657067443965878,1.0078108124806209,0.9979866640064428,-0.001994442412955577,0.06338578706950201,0.0009395011076816915,0.5892930791537598,-1.0,0.006614278494308883,-0.016581784102958262,-0.009016415915573311,0.0,0.0,0.0,-0.0027276379844490104,0.21137244194582094,-0.00684237048692153,-2.608476977315191,0.002315483870710076,2.9467042990030587,0.7783951008568484,-0.04188088100702634,0.20004139214316488,-0.07588308688205771,0.1275364523614007,0.06380676268764503,0.06903111499177227,-0.13800313357025595
3,0.15,1,move_to,-0.09868926169913204,-0.00796174598455202,1.005484074826854,0.9979890842868285,-0.0029283461825120125,0.06330362797488188,0.0013649608745319743,0.6609923039911654,-1.0,0.006582992253540571,-0.016616736834842005,-0.00897486879856356,0.0,0.0,0.0,-0.005136498515733885,0.22189750082308332,-0.01078169847452812,-2.601735239950392,0.006344130128759733,2.9503283984597632,0.7701615577796246,-0.05200276602588626,0.2062271972275378,-0.07274805950719365,0.13277306483376974,0.09773640323891679,0.07096620713662354,-0.1874419630733344
4,0.2,1,move_to,-0.09697281289332169,-0.011505615051172214,1.0031191554531778,0.997989779008248,-0.003653902616679739,0.06324645644830093,0.001713399389471702,0.7450807393505271,-1.0,0.00655024394418336,-0.016653911818681862,-0.00892981105103898,0.0,0.0,0.0,-0.00800201505121292,0.23256261833641997,-0.014539497796122434,-2.5948225018720157,0.011869964498258381,2.953965036577099,0.7597982192438658,-0.06027260218004826,0.20685137165960707,-0.06878282799657603,0.13502543825915714,0.1239392314107927,0.06997940715101957,-0.22384863301897462
5,0.25,1,move_to,-0.09526705740735264,-0.015221897685885279,1.0007516283325948,0.9979893665678088,-0.004232611842264021,0.0632082871629685,0.0020054048216892892,0.8361273001116335,-1.0,0.006523018764298524,-0.016686071062313543,-0.008889615216871424,0.0,0.0,0.0,-0.011248154666231169,0.24322868316896948,-0.018082334681764484,-2.5878008289728776,0.018556053395901786,2.9575206699265397,0.7478574448289826,-0.06731563991255964,0.2065119882599635,-0.06429170460897662,0.13715694467816944,0.14432470363955793,0.06783554530247272,-0.25098673420398543
6,0.3,1,move_to,-0.09357334998028466,-0.019065667476732235,0.9983888742379291,0.9979882522328434,-0.004706461284096301,0.06318391965027491,0.0022560862222939797,0.8967479483134113,-1.0,0.006501374323115824,-0.016713085243276072,-0.008854654909239425,0.0,0.0,0.0,-0.014825366411613394,0.2538754902141929,-0.02139094727386428,-2.5806608644772795,0.026147390685129605,2.960952043528103,0.7347349168701399,-0.07357673386092747,0.2061220475079473,-0.05953088566074281,0.13965348303782799,0.16028013164196955,0.06503471033525998,-0.27144523639191526
7,0.35,1,move_to,-0.09188925466954005,-0.02300535431651081,0.9960322720111979,0.9979867062223261,-0.005103914265378417,0.0631692540499214,0.0024758040027137943,0.9310453176624985,-1.0,0.006484215006686194,-0.01673598432442536,-0.008823932481589723,0.0,0.0,0.0,-0.01870140715604537,0.2645051398804152,-0.02445248567471132,-2.573383768677582,0.034448339094765516,2.9642319990708748,0.7207190702618891,-0.07931058553534537,0.2058240168410066,-0.05453208528596025,0.14251352097406866,0.1727842306706633,0.06177992691015366,-0.2869416228814113
8,0.4,1,move_to,-0.09021219776736694,-0.027017357260061593,0.9936818945326769,0.9979849182875917,-0.005444024070662886,0.06316113796722415,0.0026713522999704865,0.9503119792542787,-1.0,0.006470479963587149,-0.01675575842068445,-0.008796445235916576,0.0,0.0,0.0,-0.022854506604384928,0.2751222871634795,-0.027258212718301512,-2.5659533690440988,0.04330292751349642,2.9673413974908205,0.7060275502136214,-0.08469155765667166,0.20561172640693423,-0.04942509022417299,0.1456550289658978,0.18247654289513726,0.058201313927222116,-0.2986439587062276
9,0.45,1,move_to,-0.08854013605530657,-0.031085270052135138,0.9913375614789223,0.9979830149121542,-0.005740431524592337,0.06315727023916246,0.0028475618860124836,0.9611326028763394,-1.0,0.006459290038435939,-0.016773227132468035,-0.008771341046955164,0.0,0.0,0.0,-0.027269962444626414,0.28573051945600714,-0.02980547795761183,-2.558357676540027,0.052582647811013086,2.9702666370936837,0.690828125571489,-0.0898297276223313,0.205456484365742,-0.044315709980896144,0.1489970998368029,0.1898261467611369,0.05439433150261399,-0.3073936140949861
10,0.5,1,move_to,-0.08687158972961559,-0.03519770649421232,0.9889990477234873,0.9979810795645636,-0.006002855659006121,0.0631560245605592,0.003007842547461713,0.9672101767333099,-1.0,0.006450005905091463,-0.016788980727747968,-0.008748002626176594,0.0,0.0,0.0,-0.03193731010558602,0.29633206432259707,-0.03209627125163042,-2.550588385393591,0.062179445701504986,2.9729983239233886,0.6752525498248547,-0.09478687976300632,0.20533404165627647,-0.039283750403950365,0.15247359917348843,0.19518712465693702,0.050433975651296745,-0.31379977114981195
11,0.55,1,move_to,-0.0852055593870287,-0.03934671949474418,0.9866661027852953,0.9979791655929203,-0.0062381772208382515,0.0631563049624867,0.003154573014614663,0.9706239752824519,-1.0,0.006442179095173403,-0.016803435564768664,-0.008725988868109935,0.0,0.0,0.0,-0.036848280026527694,0.30692812344946774,-0.034136148084126045,-2.5426401378291006,0.07200090547454902,2.9755304271588567,0.6594063922885804,-0.09959094277155033,0.20522768741032102,-0.034392224160219545,0.15603229986324893,0.1988344267516334,0.046381082261056576,-0.3183080362843455
12,0.6,1,move_to,-0.0835414359880649,-0.04352673400245092,0.9843384436267157,0.997977303811399,-0.00645126450994613,0.0631574387547315,0.0032894062525759223,0.9725453193183823,-1.0,0.006435507483176268,-0.01681688407247034,-0.008704978663217719,0.0,0.0,0.0,-0.04199538944947686,0.3175192166646203,-0.03593350546530464,-2.5345098966968864,0.08196697193325359,2.9778596582847108,0.6433759146279285,-0.10424708110663956,0.20512673916875532,-0.029692633156213535,0.1596321979567762,0.2009896977674687,0.0422854779732766,-0.3212505320392144
13,0.65,1,move_to,-0.08187892015419794,-0.04773381636588302,0.9820157527278437,0.997975507162628,-0.006645583287902116,0.06315909540302733,0.003413501740047811,0.973809205447711,-1.0,0.006429803665600734,-0.01682953015163917,-0.008684730260456882,0.0,0.0,0.0,-0.04737100582108402,0.3281054400765795,-0.037499033063244674,-2.5261964443096017,0.09200774684613783,2.979984968967916,0.6272328489595154,-0.10874575727724993,0.20502476918235452,-0.025226757936412617,0.16324137473657996,0.20183916556318174,0.0381875583115667,-0.3228810116776004
14,0.7,1,move_to,-0.08021794867320736,-0.05196510845324176,0.9796976821172685,0.9979737750542582,-0.006823592549990012,0.06316120982681853,0.0035276708855096384,0.9749328089918413,-1.0,0.006424972866379833,-0.016841513699653886,-0.008665052796760876,0.0,0.0,0.0,-0.05296674850732776,0.3386866437441589,-0.038845139316858845,-2.5176999729276983,0.10206205303467447,2.981907085033547,0.6110376880182167,-0.11306674150677667,0.20491834258703184,-0.021021152725653282,0.16683474869291706,0.20154527192773183,0.034118819494819715,-0.3233959441854704
15,0.75,1,move_to,-0.07855862919380242,-0.05621854039630303,0.9773838687992658,0.9979720948328656,-0.00698710922115025,0.06316393719348087,0.0036325305024634694,0.9760073526070249,-1.0,0.006420994318785567,-0.016852930938853795,-0.008645782250805763,0.0,0.0,0.0,-0.058773181865425406,0.3492625578815861,-0.03998569763187798,-2.5090217343067187,0.11207637048487035,2.9836281434212006,0.5948420046588161,-0.11718748507264881,0.20480592466195238,-0.01710236773063249,0.1703943983028627,0.2002533518401532,0.03010362389973054,-0.3229567048699028
16,0.8,1,move_to,-0.07690117932365731,-0.06049251703409538,0.9750739487673614,0.9979704452208477,-0.007137482136510032,0.06316759160842349,0.003728563375391296,0.9770358244232151,-1.0,0.00641791281279676,-0.016863843230773445,-0.008626771505913197,0.0,0.0,0.0,-0.06477965516371618,0.3598328703536626,-0.040935556619298076,-2.5001637429462282,0.12200414284127913,2.9851513011603457,0.5786900701334968,-0.12108327604770307,0.20468734006369982,-0.013487369609679115,0.17390775131516958,0.1980961192052154,0.02615921742936214,-0.3216961456340633
17,0.85,1,move_to,-0.07524587220637353,-0.06478575748097394,0.9727675748550864,0.9979687982736313,-0.007275756113153938,0.06317260309390853,0.003816184430067525,0.9780202071000876,-1.0,0.006415827335127863,-0.01687428929631888,-0.008607875484111287,0.0,0.0,0.0,-0.07097429775668469,0.37039728173620257,-0.04171024951975598,-2.4911285125876836,0.1318051961390026,2.98648041166954,0.5626200277693871,-0.1247302290148992,0.20456323968058765,-0.01018691933819155,0.17736712919850425,0.19519604177985578,0.02229647803986467,-0.31972726621855896
18,0.9,1,move_to,-0.07359298832109869,-0.06909717205048958,0.9704644340708054,0.9979671214624148,-0.007402774660059315,0.06317947699170277,0.003895779050177083,0.9789623909749592,-1.0,0.006414885900660229,-0.016884291049514086,-0.00858894374395415,0.0,0.0,0.0,-0.07734410010890981,0.38095553810761495,-0.042325707710929375,-2.4819188282450066,0.14144525456019083,2.987619727033451,0.546664759443439,-0.1281067611715389,0.2044347730892482,-0.007206517188044201,0.18076908433489247,0.1916664286927324,0.018520684099634623,-0.3171480510063954
19,0.95,1,move_to,-0.07194277353903643,-0.07342578132899318,0.9681642637409571,0.9979653794862634,-0.007519250124406738,0.06318875977541273,0.003967727617766445,0.9798641852477561,-1.0,0.006415282192575306,-0.016893858439123936,-0.008569813383526338,0.0,0.0,0.0,-0.08387505348301214,0.3915074506316316,-0.04279801736518535,-2.4725375496314963,0.15089549413655234,2.9885736389410815,0.5308525531868771,-0.13119449064277725,0.20430338106152662,-0.004547200311008941,0.1841137970641297,0.1876118961001437,0.014832299152883192,-0.31404465702515866
20,1.0,1,move_to,-0.07029540353554627,-0.07777066480960963,0.9658668661259991,0.9979635357994059,-0.0076258101511616425,0.06320101126666408,0.0040324197643929124,0.9807273215303169,-1.0,0.006417255057843895,-0.0169029927272656,-0.008550302590235226,0.0,0.0,0.0,-0.0905523056625136,0.4020529048911473,-0.043143296677961525,-2.4629874446793236,0.1601320927051643,2.9893464556448834,0.5152076326162606,-0.1339698579404282,0.20417062076726153,-0.0022467163230683288,0.1874047220770045,0.1831194878476111,0.011226205505692899,-0.31049727323525206
21,1.05,1,move_to,-0.06865103009893914,-0.08213168273219285,0.9635721809597377,0.9979615571447583,-0.007723290285563192,0.0632166711752701,0.0040906886817153815,0.9815534571345548,-1.0,0.006421091299092957,-0.016911688511822075,-0.00853020387844382,0.0,0.0,0.0,-0.09735955106398084,0.4125918040277189,-0.04337991782129088,-2.453270872426176,0.16913543763373687,2.989941808498199,0.49975029820664507,-0.13634259725816944,0.2040344676705802,-0.0005888772403768986,0.19065903024225167,0.17822221723198184,0.007665231815708066,-0.3066060570966359
22,1.1,1,move_to,-0.06700965944233692,-0.08651100034695564,0.9612806821232663,0.9979594447866533,-0.007813022086657809,0.06323546422691244,0.00414479323890213,0.982344178038828,-1.0,0.00642720213565776,-0.01691986736502754,-0.008509357264639455,0.0,0.0,0.0,-0.10427623190588751,0.42312367263626155,-0.04353224972879031,-2.44338822144859,0.17789009210744217,2.9903596841779323,0.4844964901728542,-0.1383276801560099,0.2038873966713372,0.0008111923224665036,0.193924498596933,0.17311895216975953,0.004075885932770255,-0.30240232898890357
23,1.15,1,move_to,-0.06537042034760877,-0.09090702844613684,0.9589927971407761,0.9979571941218547,-0.007895107525752445,0.06325747367556894,0.004194997231815526,0.9831010025891934,-1.0,0.006436240691604673,-0.01692719882958609,-0.008487917621147804,0.0,0.0,0.0,-0.11128317576534243,0.43364867535585844,-0.043616566709877555,-2.4333392449400093,0.18638584230198577,2.9906012556698975,0.46946112752175606,-0.1399465345433057,0.203779212384234,0.0019505900674856678,0.19711479681056718,0.16785013454617895,0.001037588377804277,-0.29791053671877166
24,1.2,1,move_to,-0.0637317137151323,-0.09531854595594699,0.9567087316455973,0.9979541221540686,-0.007970045312524598,0.06329315058511972,0.004245649823833239,0.9838253840247955,-1.0,0.006448521497457596,-0.016933649227854255,-0.008465701053357503,0.0,0.0,0.0,-0.11836238079193401,0.4441697850762101,-0.043645191733796274,-2.4231332951845896,0.19461639617933932,2.990702550058623,0.4546577172921386,-0.1412268289697549,0.20378686057660808,0.0029660655249082357,0.19987236708388564,0.16252921652639613,-0.0005101362598901872,-0.2931587306678157
25,1.25,1,move_to,-0.062095717719719036,-0.09974235299512815,0.9544257685593387,0.9979491920092619,-0.008038828979312388,0.06335821752052952,0.00430391325688472,0.984518713389871,-1.0,0.006464297642308734,-0.016939228043803205,-0.008442476489257921,0.0,0.0,0.0,-0.12549749411509184,0.4546923686355413,-0.04362316372609407,-2.412796099061836,0.20258214935062982,2.9907273112475132,0.4400980260997437,-0.1422050615329059,0.20383891059369028,0.0039226637639135625,0.20222217526413244,0.15727069768137775,-0.0018024272883671712,-0.2881964877049911
26,1.3,1,move_to,-0.06046628721252029,-0.10417460239775389,0.952141130486348,0.997942297972071,-0.008102876671865239,0.06345394351296413,0.004371539833442212,0.9851823222023517,-1.0,0.006485093820470559,-0.016944150125754155,-0.008416610639420131,0.0,0.0,0.0,-0.1326739817494365,0.4652181096274466,-0.0435562027974789,-2.4023424614702273,0.21028572780617777,2.9906964921168546,0.42579084919368837,-0.14291425004603503,0.20389675252934486,0.004762023944362651,0.20441680620029673,0.1520648541225546,-0.0029857425071436513,-0.28308557542437873
27,1.35,1,move_to,-0.058844167486003816,-0.10861336770346394,0.9498543004386871,0.9979332335269805,-0.008163413256686321,0.06358307989739917,0.004451073707094712,0.9858174847008082,-1.0,0.006513602508029637,-0.016948601261825777,-0.008385576762216643,0.0,0.0,0.0,-0.13987828008390552,0.47574756396593054,-0.04345187887669603,-2.3917799520612606,0.21772960685543238,2.9906257083196537,0.4117423878861999,-0.14336937949714626,0.2039481771366066,0.005470643581616476,0.20653947361121974,0.14691189108758174,-0.004087315034252591,-0.2778652649896693
28,1.4,1,move_to,-0.0572289917273205,-0.11305956282840512,0.9475661192149545,0.9979218210652885,-0.008221844243143732,0.06374769902434539,0.004546557827667751,0.986425420242534,-1.0,0.006552624143586194,-0.016952610091541667,-0.008346983162619354,0.0,0.0,0.0,-0.14709423570643881,0.4862801616036947,-0.04332485175967061,-2.381111368148675,0.22491583520570357,2.9905235606408254,0.39795646188637884,-0.14352435580313344,0.20397225706453473,0.005996671880267715,0.2086845183166825,0.14182519994412862,-0.005228469444746314,-0.27256220547180543
29,1.45,1,move_to,-0.055618193610314316,-0.11750825914093768,0.9452781318490332,0.9979083191938505,-0.008277508930886128,0.06394374441397106,0.004654769588606153,0.9870072963470269,-1.0,0.006606242693631054,-0.01695569759810644,-0.008298305636358172,0.0,0.0,0.0,-0.15431177109308525,0.4968136254977568,-0.04317628401038902,-2.3703291007192573,0.23184683658025682,2.9903714364340197,0.38443895222867264,-0.1434988226205748,0.20395707602936097,0.006390016754610788,0.21102748323553144,0.13671938569504455,-0.006683754240835857,-0.2671431929630725
30,1.5,1,move_to,-0.05400726671731813,-0.12195695388953352,0.9429936565656034,0.9978931917728624,-0.008329978928801909,0.06416408786215559,0.004770649141491348,0.9875642303043025,-1.0,0.0066788767520500735,-0.01695822217011096,-0.008234762058498242,0.0,0.0,0.0,-0.1615242975904841,0.5073437792905291,-0.04301002987950087,-2.359415919148447,0.23852005711066507,2.990131710640015,0.3711960329972793,-0.14333727322296616,0.20385784123385098,0.006601979541570132,0.21374476984012256,0.13150635576827244,-0.008772069909480823,-0.26161086210882706
31,1.55,1,move_to,-0.05238950877764488,-0.12640694053895096,0.9407181786096183,0.9978765618115367,-0.008378855130206898,0.06440670906240509,0.004892647712894445,0.9880972911993954,-1.0,0.006777208582839608,-0.016960214047728767,-0.008149882408962049,0.0,0.0,0.0,-0.16872394244019295,0.517865491326964,-0.04283605847578195,-2.3483533455680843,0.24492981162405766,2.9897761349124394,0.3582332112638665,-0.14299851123019183,0.20365129811564459,0.006600740776552604,0.21681234478559722,0.1261776308409254,-0.011381991002303846,-0.25596682109400437
32,1.6,1,move_to,-0.05075697941966703,-0.13085937955386967,0.93845847822773,0.9978583946026781,-0.008423175642942305,0.06467204146762141,0.005020108112700638,0.9886075022784452,-1.0,0.006912794541276067,-0.01696062554313783,-0.008034329643197646,0.0,0.0,0.0,-0.17590068310308068,0.5283721069548838,-0.04266501726738423,-2.3371229283496344,0.2510704788146748,2.9892799584713217,0.3455566909884547,-0.14243858973704204,0.20330495058971615,0.0063776157938735395,0.22024611024037896,0.12073711217189421,-0.014480728302860438,-0.2501846680282658
33,1.65,1,move_to,-0.049169205059166846,-0.13518162799854927,0.9363017362076833,0.9978413876332956,-0.008415712538816912,0.06492985812720395,0.005084725371466954,0.9890958493561058,-1.0,0.006556979419667028,-0.01564062044613032,-0.007258478227729959,0.0,0.0,0.0,-0.18298149365809135,0.5384468626737778,-0.04237410695653621,-2.326097168478574,0.25693453873393396,2.9885073041290435,0.3332437038918658,-0.13947195711253602,0.19016225903570602,0.009241935885916375,0.21155003754497076,0.11448034769514628,-0.020408668543592835,-0.24138061850646714
34,1.7,1,move_to,-0.04784451124094221,-0.1389754459842719,0.9345029999574532,0.997832865842592,-0.008238309424771995,0.06509669043126504,0.004911516779593747,0.9895632910601931,-1.0,0.004969205059166842,-0.011318372001450722,-0.005101736207683283,0.0,0.0,0.0,-0.18972844299809466,0.5468408445639382,-0.04164413938150798,-2.3165242419831173,0.2624413603695635,2.9872189601631747,0.3216052158027199,-0.12992860134821457,0.1460385071183047,0.018879560960295784,0.17066978833415483,0.10505143342378132,-0.029782492725330123,-0.2232120318992559
35,1.75,1,move_to,-0.04691287341389204,-0.14204848081233779,0.9331982196615238,0.9978317611126473,-0.007885272507786749,0.06518627357418004,0.004510956641513824,0.9900107382469809,-1.0,0.0036445112409422067,-0.007524554015728102,-0.003302999957453201,0.0,0.0,0.0,-0.19589018731387767,0.5529705516500573,-0.04048425436332208,-2.3091642329499487,0.2673618701640185,2.9856534220612527,0.3110827557094446,-0.11651248625031056,0.10237418818812631,0.025802552636875153,0.12579550595745762,0.09124795355033269,-0.03105407747308125,-0.19726403688945884
36,1.8,1,move_to,-0.04632706667954234,-0.14441949972905624,0.9323146969819688,0.9978328093568584,-0.007420244855313302,0.06525849637088164,0.003994144301023469,0.9904390445930319,-1.0,0.0027128734138920363,-0.004451519187662206,-0.0019982196615238035,0.0,0.0,0.0,-0.20132334287665085,0.557144520353834,-0.03902804807557743,-2.3039122895917257,0.27153792868802984,2.9841966798625794,0.3019827816557487,-0.10110280044971832,0.06800410523957373,0.03045931394637655,0.08681990643180305,0.07549017801195917,-0.02578838380684543,-0.16679251826818678
37,1.85,1,move_to,-0.04608647263280927,-0.1459311513486618,0.9304805738072298,0.9978738842590851,-0.0068372784883445024,0.06473148242055721,0.003286018897475813,0.9908490342684158,-1.0,0.00025232490830742423,-0.00024680093254641437,-0.011994808103523037,0.0,0.0,0.0,-0.2059959789607792,0.5633230865781537,-0.03691991559334834,-2.298859451740281,0.2750330474576215,2.9837005275600217,0.2945445025238697,-0.08653132029295267,0.150507563926073,0.04933893267823159,0.10503788693612656,0.06541119303861717,0.007007838063643734,-0.1316653254908961
38,1.9,1,move_to,-0.045907953088485894,-0.1468480343861831,0.9277220247040917,0.9979235805541772,-0.006353384637309859,0.06404187264575602,0.0026077625667528105,0.9912414799558372,-1.0,0.0002279722380355142,-6.87429533265657e-05,-0.011997637395131301,0.0,0.0,0.0,-0.21004977368457683,0.5716134335628221,-0.03432670910666373,-2.29350780869713,0.27809863027934933,2.9849002687047346,0.2886822849682856,-0.07596086723427865,0.16679694388276756,0.053220079499592086,0.10138636070436871,0.05741845901234535,0.03795413164667062,-0.10425582021618353
39,1.95,1,move_to,-0.04575072910522472,-0.14748482324277695,0.9247541108169963,0.9979590699047389,-0.006030944334462603,0.06353683870263707,0.0020958609155751835,0.9916171087343693,-1.0,0.00021230487060455315,4.326195831879883e-05,-0.011998043800756855,0.0,0.0,0.0,-0.2136422359187497,0.5803375785597061,-0.03162285432489404,-2.288490599266924,0.2807599158336771,2.9873783730439594,0.28400995280865876,-0.06799325371881493,0.17043484150144847,0.05432259004787712,0.09322251052573813,0.04930779410356358,0.05874401886128853,-0.0836499209637566
40,2.0,1,move_to,-0.04563550430514528,-0.14792429024613069,0.9217041330696801,0.9979843747088476,-0.005816281861836474,0.06316969591664423,0.00171703817427999,0.9919766364036747,-1.0,0.0001988706072329469,0.00012629697582144294,-0.011997687258612683,0.0,0.0,0.0,-0.2168912217991637,0.5891641472570576,-0.028883569800055697,-2.2838503981686213,0.28301411158242656,2.9907210781178275,0.2802576471924138,-0.06214788283614433,0.17142406511313327,0.05474236865066924,0.08650564853955577,0.04119881218205528,0.0729415561289678,-0.0672172196375644
41,2.05,1,move_to,-0.045553463316888955,-0.14821735395711547,0.9186104204675054,0.9980027475976044,-0.0056749042543538745,0.06289866846988516,0.0014383163944837393,0.992320750848431,-1.0,0.00019028692633673086,0.00018880041820575926,-0.011997005680074951,0.0,0.0,0.0,-0.21989226330866168,0.5980234141675922,-0.026129665984546243,-2.2794914879394397,0.28486137985947807,2.9946552690468384,0.2772572103422728,-0.0580061402234865,0.17185033812119965,0.054935801400263946,0.08187487064816587,0.0330814966868101,0.0826620589467868,-0.05346133510886153
42,2.1,1,move_to,-0.04549298934495138,-0.1484010640356835,0.9154897883319828,0.9980163984250355,-0.0055862591297161845,0.062694018482139,0.0012337869411648183,0.9926501111887455,-1.0,0.0001857499419775404,0.00023569046453533982,-0.011996247203354158,0.0,0.0,0.0,-0.22272101764354366,0.6069005491878889,-0.023368905992011278,-2.27531796955899,0.28630002560966755,2.998991798852616,0.2748973363749217,-0.05519629177707808,0.17215612222710558,0.05502922630825095,0.0789501348593677,0.02490283529460415,0.08923032112445077,-0.041536999527430736
43,2.15,1,move_to,-0.045445108735602646,-0.1485030713314,0.9123518053603353,0.9980268408131583,-0.005536757453549092,0.06253474802592585,0.0010838001387071226,0.9929653487728323,-1.0,0.0001840092833289335,0.00027054625943703347,-0.011995538558362164,0.0,0.0,0.0,-0.22543592148887817,0.6157923496208824,-0.02060541619288582,-2.271256053424476,0.2873263279806458,3.0035968106420126,0.27310012692375824,-0.05340274867012936,0.17243472101791024,0.05505576739900134,0.07727642845344036,0.01663673016399014,0.09355965133605862,-0.03092350602861389
44,2.2,1,move_to,-0.04540367743068201,-0.14854414360860643,0.9092026041745983,0.9980351171162201,-0.005516695506411633,0.062406113703424616,0.0009736765048359348,0.9932670682488484,-1.0,0.00018403778710563117,0.000296071182142308,-0.011994935262352279,0.0,0.0,0.0,-0.2280810080950303,0.624698032486613,-0.017842577965140455,-2.2672526314555475,0.28793622294528864,3.008375211552447,0.27180885457493,-0.052364728609056596,0.17270501745919703,0.05501588594675932,0.07648834284023943,0.008293721141002445,0.09629905478678853,-0.021281722005281386
45,2.25,1,move_to,-0.045364740379375504,-0.14853989619972718,0.9060462536978355,0.9980419387071606,-0.005519330379339328,0.06229790697104286,0.0008923905213167722,0.993555848015059,-1.0,0.00018508938756246342,0.0003143278082337369,-0.011994454549815207,0.0,0.0,0.0,-0.23068839625498633,0.6336172931982398,-0.015083901993734326,-2.2632704144124016,0.2881293568865882,3.0132595820792183,0.27098022117257914,-0.05184225706901282,0.17297210840688393,0.05493877770349542,0.07631833728597567,0.00047161944906255325,0.09791871985376559,-0.012508826844789612
46,2.3,1,move_to,-0.045329281312420165,-0.14850245016955835,0.902883739820397,0.998047161934365,-0.005583008622451866,0.062209500946744246,0.0008188781574363979,0.9938322409773857,-1.0,0.00018664937116675434,0.0003268928850296036,-0.011994094507463249,0.0,0.0,0.0,-0.23327172961613324,0.6425522125898934,-0.012326752397021301,-2.2592862946983616,0.288075784049906,3.018210216250255,0.2705175540497656,-0.05143647204950721,0.17333646602046923,0.05485231634092427,0.07642818561840178,-0.002681651993604178,0.09910540855386554,-0.006676138300592208
47,2.35,1,move_to,-0.045300764959354214,-0.14844610883853446,0.8997143774047535,0.9980510426541941,-0.0056896770506958206,0.06213839294095271,0.0007509691400779082,0.9940967786210275,-1.0,0.00018894678569451095,0.0003350418703384228,-0.0119938336680686,0.0,0.0,0.0,-0.23584554816223197,0.6515063784241435,-0.009581060042363589,-2.2552899327938727,0.28781199703458077,3.023210055647453,0.2703197087133688,-0.0514377583798688,0.17371800492415326,0.05456829764038144,0.07674100024833654,-0.0076479158315808675,0.09991982354901166,-0.0017041898113814569
48,2.4,1,move_to,-0.045278504217975836,-0.14837963882441602,0.8965396292259336,0.9980541700611566,-0.005785574478560682,0.06207995854323064,0.0006924584887771314,0.9943499697511778,-1.0,0.0001926916975477491,0.00034067128729268993,-0.011993615509249517,0.0,0.0,0.0,-0.23842966348116248,0.6604793544731019,-0.006851004568454467,-2.2512704090841216,0.28728901539793417,3.028238280572982,0.27030378519267245,-0.05186303572971741,0.17408299649982253,0.05423670425663013,0.07726582321021566,-0.012685800900554954,0.10030743360464454,4.2307315867680785e-06
49,2.45,1,move_to,-0.045264689551531775,-0.1483156318736967,0.893360273625992,0.9980570221005983,-0.0058128342150206,0.06203208192793496,0.0006421882581355925,0.9945923013829244,-1.0,0.0001979646728720852,0.0003450168101257506,-0.011993405412518386,0.0,0.0,0.0,-0.24104742707969998,0.669470844027524,-0.004137082195498171,-2.2472181334770314,0.28653648405802323,3.0332753279526834,0.27030679051160783,-0.05274852434617198,0.17445282145042326,0.05396852920715456,0.07795836365895538,-0.016913459768686967,0.1003611372624513,8.688432610208287e-05
50,2.5,1,move_to,-0.04526041608556698,-0.14826090272778628,0.8901764699372433,0.9980595733642409,-0.005785060057403469,0.06199409961311912,0.0005938933231243497,0.9948242395945838,-1.0,0.00020541989223040778,0.0003503057800166095,-0.011993126720266195,0.0,0.0,0.0,-0.24371744965344247,0.6784814261403974,-0.0014338914364280797,-2.2431263333608946,0.2855767899596659,3.0383086205181544,0.27032253550257807,-0.053917483383823864,0.1748381232833632,0.05381497885956453,0.07875192006316074,-0.021019676592245528,0.10024005409230628,0.0007652654333905904
51,2.55,1,move_to,-0.04526491725976903,-0.14821604513975117,0.8869882982993632,0.9980616758902152,-0.005731011642357526,0.06196573168929385,0.0005428821044395484,0.9950462302172531,-1.0,0.0002156329646587755,0.000358075175241481,-0.011992717981901694,0.0,0.0,0.0,-0.24644884317808613,0.6875118430010515,0.0012632414594229324,-2.2389912227935773,0.28439798724145793,3.043332132140939,0.27041530699171046,-0.05517473408259038,0.17523589360956743,0.05371818826983642,0.07959783147223037,-0.025671455527011378,0.1000422322341477,0.0030182744640408006
52,2.6,1,move_to,-0.04527655325984921,-0.1481790091234902,0.8837959776460672,0.9980632592997514,-0.005666518980417247,0.0619466161608366,0.00048759083485938544,0.9952586998248155,-1.0,0.0002289125494894132,0.00036887773615816994,-0.011992144439609335,0.0,0.0,0.0,-0.2492426411964981,0.6965625921784656,0.003954538526857975,-2.2348106243901094,0.28296955679208474,3.0483427556958653,0.2706444824995489,-0.056401787178096005,0.17564062509903175,0.05358012317458833,0.08048051211283279,-0.03094690778417143,0.09978884005394169,0.006144228223067203
53,2.65,1,move_to,-0.04529373688500906,-0.1481478706626666,0.8805998175367046,0.9980643262090597,-0.0055954054713269795,0.061936330013396886,0.000428031468321183,0.9954620566998396,-1.0,0.00024544387408624775,0.0003827980642158972,-0.011991381194287259,0.0,0.0,0.0,-0.2520954333201309,0.7056339816874624,0.006636385567797977,-2.23058254296748,0.28126367440910166,3.0533374645196174,0.27104569858578725,-0.0575308214702732,0.17605038018554453,0.0533437992093921,0.08140505878971638,-0.03671275948813661,0.0994686290255727,0.00985658806649739
54,2.7,1,move_to,-0.045314952490260046,-0.14812097986785586,0.8774001541881233,0.9980648940705362,-0.005518882978219222,0.06193445184684911,0.00036445722798891247,0.9956566916310812,-1.0,0.0002654733699828127,0.00039997350744031413,-0.011990393866890941,0.0,0.0,0.0,-0.2550010064669895,0.7147262925562862,0.009302988374671353,-2.22630457414828,0.2792597308596043,3.0583125569387013,0.2716438667545295,-0.058514950712311636,0.17646561825651913,0.052975884810938866,0.08238139375931323,-0.04282166235781458,0.09906728048307922,0.013992734766125232
55,2.75,1,move_to,-0.04533870861436083,-0.14809686195919855,0.8741973189586059,0.998064982325634,-0.005437510475962033,0.06194058662678466,0.00029709171028073725,0.9958429786583589,-1.0,0.000289334856715297,0.00042065108773833973,-0.011989134164028447,0.0,0.0,0.0,-0.25795115003863134,0.7238398480328795,0.011947258964577495,-2.221973803568446,0.27694398290894245,3.063263682537138,0.27245708350299297,-0.059319885124459855,0.17688734418396357,0.05245632131149894,0.08341953902343158,-0.04914627238708678,0.09857312647083763,0.018437066025913322
56,2.8,1,move_to,-0.04536349811008682,-0.14807413141590464,0.8709916304919536,0.9980646090672987,-0.005351621062930417,0.06195437967243034,0.00022609454274792842,0.9960212757869912,-1.0,0.00031746886514712696,0.0004452007718128522,-0.011987535601300187,0.0,0.0,0.0,-0.2609361825004198,0.7329750238288434,0.014561364407343043,-2.2175868208937928,0.27430846523193475,3.0681859824751774,0.273498390622692,-0.05992024818311026,0.17731651085794564,0.05177415011482976,0.08452899504479369,-0.05558146759013725,0.09797722009936068,0.023100648307778728
57,2.85,1,move_to,-0.04538775878940844,-0.14805141995279725,0.8677833966517096,0.9980637897506212,-0.0052614268177774495,0.06197552745872313,0.00015156741425947123,0.9961919256728388,-1.0,0.00035045345977211315,0.0004741389745777913,-0.011985506856421222,0.0,0.0,0.0,-0.26394533145365884,0.7421322425377848,0.017137121778484924,-2.2131397364038357,0.27134996253949856,3.0730742065265146,0.27477689354607365,-0.06029718975006168,0.17775391468384089,0.05092521034255384,0.08571904757079186,-0.06204103141009927,0.09727256699674512,0.027913518059194276
58,2.9,1,move_to,-0.04540982973525798,-0.14802731133372582,0.8645729201601243,0.9980625363001366,-0.005167049808749366,0.06200378874817269,7.356142757198407e-05,0.9963552562786678,-1.0,0.000389051357374187,0.0005081688671769651,-0.01198292132344018,0.0,0.0,0.0,-0.2669670088772184,0.7513119704301914,0.019666300674156638,-2.208628173553034,0.2680691608325051,3.077922792363867,0.2762985950074877,-0.060436514663352425,0.17820033969500085,0.04991060687397542,0.0869993271086544,-0.06845401374661376,0.09645341013586681,0.03282045428187485
59,2.95,1,move_to,-0.04542789855475289,-0.1480002757325534,0.8613605068089714,0.998060856077297,-0.005068530683421594,0.06203899983249599,-7.921291675361453e-06,0.9965115815027573,-1.0,0.0004342825457711428,0.0005482462819895381,-0.011979600355801657,0.0,0.0,0.0,-0.2699889999700682,0.76051472116731,0.022140863704064824,-2.2040472311788712,0.2644699654292899,3.0827259130915263,0.27806705776317014,-0.06032707086582836,0.17865668952446004,0.048735644537553434,0.08838040477253165,-0.0747616965186202,0.0955146488805103,0.037778212313240155
60,3.0,1,move_to,-0.04543993312596462,-0.14796859502845544,0.8581464764757984,0.9980587503943776,-0.004965824704722591,0.06208109784436033,-9.293359605857587e-05,0.9966612017807269,-1.0,0.00048753941071106146,0.000595687277032746,-0.011975285465949647,0.0,0.0,0.0,-0.2729985740784188,0.7697410696022691,0.02455316689897846,-2.1993914080157926,0.260558951933031,3.0874774982726265,0.2800839556857889,-0.059959234412449956,0.17912422328858055,0.047409138558179166,0.0898745953236559,-0.08091526820188169,0.09445132996126983,0.042753751803495554
61,3.05,1,move_to,-0.04544358692183321,-0.14793026696338407,0.8549311793808292,0.9980562121596125,-0.004858784868120113,0.06213015854607833,-0.0001815991470842314,0.9968044046615165,-1.0,0.0005507766953912307,0.0006523480175686212,-0.011969590097233414,0.0,0.0,0.0,-0.2759825174797417,0.7789916762669735,0.026896140833038932,-2.194654476657913,0.2563449156069432,3.0921712297662283,0.2823495608423774,-0.05932330418236517,0.1796047470911485,0.045943094311422024,0.09149702869823548,-0.08687416996148606,0.09325810417131776,0.04772339137480873
62,3.1,1,move_to,-0.04543605818112795,-0.14788286842631299,0.8517150220646512,0.9980532219618115,-0.004747126498183833,0.06218645967803434,-0.00027414297001128636,0.9969414653583775,-1.0,0.0006268410007645833,0.0007209387288880218,-0.011961911122765867,0.0,0.0,0.0,-0.2789270758503629,0.7882673256950108,0.029163477833785673,-2.1898292791160547,0.25183848545847215,3.096800508625086,0.28486321693409666,-0.05840752254877039,0.18010093114135678,0.0443528576653655,0.09326741338902027,-0.09260511685330648,0.09192853652048796,0.052673048339644826
63,3.15,1,move_to,-0.04541386462620423,-0.1478233411546039,0.8484985126717827,0.9980497412258751,-0.0046303602435605355,0.062250591973300046,-0.00037094736953532654,0.9970726472755309,-1.0,0.0007200794581000964,0.0008056054013044241,-0.011951254558054205,0.0,0.0,0.0,-0.2818177736076191,0.7975689827213984,0.03134986580207226,-2.1849073891646413,0.2470517666948296,3.1013583821431605,0.28762386595901324,-0.0571951982720664,0.18061668282866172,0.042658040446342714,0.0952130563580031,-0.09808189735532905,0.09045405715811078,0.057600047976184815
64,3.2,1,move_to,-0.045372453078750014,-0.1477476233225113,0.8452823494407293,0.998045699425503,-0.004507663694678244,0.06232366662447498,-0.00047265712095683285,0.997198202510759,-1.0,0.0008375585990535016,0.0009130966827708021,-0.011935859836688116,0.0,0.0,0.0,-0.28463903525378215,0.8068978663125582,0.03345134989016564,-2.1798785315475397,0.24199796348209682,3.1058374064907923,0.2906307381876713,-0.05565981729987983,0.18115748133603687,0.04088505124578996,0.09737447077004562,-0.1032863101549111,0.08882212756980745,0.0625177172144272
65,3.25,1,move_to,-0.045305453589554005,-0.14764994658231623,0.8420676151689741,0.9980409679138436,-0.004377617681680296,0.06240773968877167,-0.0005803929433827375,0.9973183723331873,-1.0,0.000991780325564104,0.0010553669800592981,-0.011912286611865268,0.0,0.0,0.0,-0.28737343456321535,0.8162555232977553,0.03546601892869061,-2.1747295118937595,0.23669089911391772,3.1102293917879944,0.2938844269517269,-0.05375540546679319,0.18173021740802112,0.039073627645980186,0.09981687512452853,-0.10821126225691136,0.08701263146612233,0.06746592984524535
66,3.3,1,move_to,-0.045220777940101854,-0.14753085246605077,0.8389771226351604,0.9980335406564715,-0.004243817896572254,0.06253461142692172,-0.0006812547616597536,0.9974333877171427,-1.0,0.0011054535895540021,0.0011499465823162358,-0.010867615168974054,0.0,0.0,0.0,-0.2900045325328425,0.8252613535908231,0.0373805248380938,-2.1697399453703072,0.2311626452353442,3.1145048093681975,0.29738042895789657,-0.0515427821763816,0.17044224230854238,0.036848378052316444,0.09336337458089525,-0.11231562997844495,0.08394150039632438,0.07220744370731984
67,3.35,1,move_to,-0.04516789672554537,-0.14740948071958107,0.8363657041468587,0.9980194827814709,-0.004118438020414751,0.0627662468715481,-0.0007407499829371402,0.997543469936719,-1.0,0.001020777940101851,0.00103085246605078,-0.007777122635160394,0.0,0.0,0.0,-0.29252595284517,0.832826700609849,0.03914949998757427,-2.165747492163793,0.22547947929034215,3.118551170462757,0.30109192187508554,-0.04933111807002919,0.13243590049586002,0.033517746972652473,0.0663075728715008,-0.11483179817640636,0.07739392912288795,0.07611157027907911
68,3.4,1,move_to,-0.04517897927826585,-0.1472967572151216,0.8344197290488712,0.9979996728495364,-0.00399922508961802,0.06308789643050072,-0.0007592857662281104,0.997648830792203,-1.0,0.0009678967255453697,0.0009094807195810795,-0.005165704146858685,0.0,0.0,0.0,-0.2949341360409324,0.8384293163331208,0.040743194870684715,-2.1631348356109785,0.21968626515717443,3.1221880256259302,0.3049805894943265,-0.04700421906333596,0.0943091187566167,0.029907226255443366,0.04004809125137351,-0.1167913012807119,0.06777731432680843,0.07933894462637345
69,3.45,1,move_to,-0.04523042984262152,-0.14719844656102055,0.8330644735945343,0.9979772211023061,-0.0038797426675075187,0.06344952005342386,-0.000756414398014286,0.9977496728837697,-1.0,0.0009789792782658457,0.0007967572151215963,-0.003219729048871134,0.0,0.0,0.0,-0.2972216977651902,0.8423118634676483,0.04215502326643509,-2.161657900425758,0.2138087852782423,3.125307115966709,0.30901494960749876,-0.044507669635142987,0.06381182101430714,0.026279691691416647,0.020892917174203215,-0.11818687359683806,0.056834378384872354,0.08195538722724333
70,3.5,1,contact_act,-0.04539008722450494,-0.1471874937453756,0.8323998896205711,0.9979544010587887,-0.003797896748129861,0.06381299525561558,-0.000700731182823524,0.9727029035311913,1.0,0.0,0.0,0.0,0.0,0.0,0.0,-0.29942264964922394,0.8440764674239923,0.0432826015727668,-2.16167276073223,0.20793674720531677,3.1278128777721776,0.313110423439443,-0.04338246123298836,0.016425397956940122,0.02009265458696572,-0.012852898154773112,-0.11694906968193203,0.042894505222676,0.08182439265640802
71,3.55,1,contact_act,-0.04559633981074405,-0.1472359500842067,0.8321775182359263,0.9979360292679504,-0.0037234113698914693,0.06410451627038691,-0.0006547445500481077,0.9174588623965237,1.0,0.0,0.0,0.0,0.0,0.0,0.0,-0.30154844490727506,0.844582006984451,0.044213435071408284,-2.1624143702663736,0.20210781457161228,3.1296147985836944,0.3171818715233752,-0.04159246837532111,0.0057349757300532295,0.017261216418118897,-0.015361774460473368,-0.11609355862852315,0.029886589986906662,0.08109631972433318
72,3.6,1,contact_act,-0.04576682454770704,-0.14730940439005136,0.8320722849923986,0.997923708346894,-0.003637861065526588,0.0643009884590009,-0.0006489755351251555,0.8426216057754332,1.0,0.0,0.0,0.0,0.0,0.0,0.0,-0.3035750578268189,0.8447795189540043,0.045012804530650694,-2.163111107102186,0.19635012734613289,3.1308472598918646,0.3212013450873983,-0.03944590956266364,0.002618266182354795,0.014826497151336333,-0.012387911745812245,-0.11408550522613446,0.019984281992621953,0.07975123694391922
73,3.65,1,contact_act,-0.045861198898095715,-0.14735827620479933,0.8320315722273905,0.9979146654837019,-0.003526797894714304,0.06444689902590266,-0.0006923258667884557,0.7608476917133968,1.0,0.0,0.0,0.0,0.0,0.0,0.0,-0.30547080654295883,0.8448416825653766,0.045779792447637024,-2.1636311254666456,0.19072468061910497,3.1316441821244374,0.32515245857680214,-0.03525364972918351,-0.0017822022888056305,0.020373680621211865,-0.008287803224390381,-0.11104548274851186,0.012248283405989002,0.07964450945265465
74,3.7,1,contact_act,-0.045719323341249674,-0.14701941816476827,0.8321508544694084,0.9979009240355157,-0.00325415625800609,0.06467070473859611,-0.0009253241188006609,0.704871637824283,1.0,0.0,0.0,0.0,0.0,0.0,0.0,-0.30701841187064605,0.8445876898810553,0.04689949713448946,-2.16405297355068,0.18523699928994042,3.1320599459170886,0.32924115676280236,-0.028890380563032773,-0.0030233130806878047,0.012639589800776278,-0.008125684862966984,-0.10821935602480841,0.00567625939247351,0.08193615341740863
75,3.75,1,contact_act,-0.04573498107294713,-0.14699849176249016,0.8321610771376335,0.9979002874760208,-0.0031650161167669703,0.06468400294980528,-0.0009892879478950072,0.7001112782931292,1.0,0.0,0.0,0.0,0.0,0.0,0.0,-0.30840814194045946,0.8445414985634664,0.047373288978051833,-2.1643354147484253,0.17996273126263537,3.1322388562202885,0.33324141125887113,-0.026688043987947083,-1.782037394454708e-05,0.007894456453286793,-0.004148411296389482,-0.10286457048693365,0.0015719625762592713,0.07797112409992678
76,3.8,1,contact_act,-0.04573914086553306,-0.14697297266289813,0.8321529456422408,0.9979026408581321,-0.0030754150963658257,0.06465082948150731,-0.0010636906047243864,0.6960125814247725,1.0,0.0,0.0,0.0,0.0,0.0,0.0,-0.3096652831987285,0.8445413539610697,0.04778717121037584,-2.164501153397246,0.17497685315805478,3.132257434561303,0.33704513750447024,-0.02386078130220327,1.1842019393391455e-05,0.007418269004581885,-0.003193159861774707,-0.09673361308838369,3.093335902539222e-05,0.07410060124049858
77,3.85,1,contact_act,-0.04574097837411725,-0.14694604412879742,0.8321453200969975,0.9979053006284052,-0.002991812407784191,0.06461265375195849,-0.0011247272458451152,0.6918410128133756,1.0,0.0,0.0,0.0,0.0,0.0,0.0,-0.3107923857549573,0.8445419323960356,0.048135948442393627,-2.164645200532292,0.17030985307743624,3.1322581254487747,0.34063316588296816,-0.02141172864125078,7.818486446870046e-06,0.0060942366441931895,-0.0028483833252587786,-0.09020111345838978,1.4617851051801496e-05,0.06938710363263074
78,3.9,1,contact_act,-0.04575165435891447,-0.14695957616361793,0.8321390699288678,0.9979081254199976,-0.0029163702468439586,0.06457199623974319,-0.0011512197632939003,0.6902238508766606,1.0,0.0,0.0,0.0,0.0,0.0,0.0,-0.3118190078866396,0.844542078960502,0.04838137147955372,-2.164771707123482,0.16597267627636025,3.1322584635658757,0.34394420165090495,-0.01968522342885473,2.933954404298458e-07,0.004411881928844366,-0.002284986589699416,-0.08345833008261638,9.346251640034064e-07,0.06348851773194372
79,3.95,1,contact_act,-0.04576033824082851,-0.14698226359002584,0.8321352758268408,0.9979106200138299,-0.002837093132600354,0.0645366954878165,-0.0011663197169810016,0.6892083329063734,1.0,0.0,0.0,0.0,0.0,0.0,0.0,-0.31275808965724766,0.8445421183259573,0.04858960910809478,-2.1648793810747438,0.16197645307363598,3.132258110064502,0.34697044605515914,-0.017960481760036024,7.163365709645159e-08,0.003949427019855043,-0.0020142155788375276,-0.07662132389097218,-7.002554273067868e-06,0.05794249841849872
80,4.0,1,contact_act,-0.04576755032631204,-0.14700416464977567,0.8321325378794686,0.9979128499084768,-0.002755727097001622,0.06450553297751573,-0.0011773576321043415,0.6882788367502257,1.0,0.0,0.0,0.0,0.0,0.0,0.0,-0.3136133028205126,0.8445421623574176,0.04877496046182,-2.1649743426146997,0.15831804495995974,3.1322575154525447,0.3497246379018451,-0.016330303341182933,5.18474099653862e-07,0.003505031542296299,-0.0017725964287013624,-0.06995931332304357,-1.1469085525753876e-05,0.05260374182146732
81,4.05,1,contact_act,-0.04577390904926139,-0.14702615253481566,0.8321306002422321,0.9979148470031839,-0.002674002168635334,0.06447793698896215,-0.0011846875791740538,0.6873804393900929,1.0,0.0,0.0,0.0,0.0,0.0,0.0,-0.314389726066855,0.8445422279770919,0.0489385193562802,-2.165057983885268,0.15498554835803555,3.1322567228758667,0.35221762252099215,-0.014812188641001015,9.641416858158216e-07,0.00306463021230755,-0.0015761545375224566,-0.06358246470341732,-1.567423981033446e-05,0.04748990707751057
82,4.1,1,contact_act,-0.0457803324938021,-0.14704924672442163,0.8321291134063056,0.9979166624907121,-0.002592667865199012,0.06445308512448855,-0.0011885346749200899,0.6864975820051455,1.0,0.0,0.0,0.0,0.0,0.0,0.0,-0.3150933183413337,0.8445423147845718,0.049081398113284345,-2.165132059874135,0.1519630234784978,3.1322557661681345,0.3544614482879776,-0.013408177912518422,1.629923056881981e-06,0.002700791400350322,-0.0013768938782979447,-0.05755535687822865,-1.890989983752964e-05,0.042638323814381145
83,4.15,1,contact_act,-0.045786028806273214,-0.14707253654311211,0.8321282432449844,0.9979182712738053,-0.0025111485181054894,0.0644313759644095,-0.001189866526839544,0.6856215341842818,1.0,0.0,0.0,0.0,0.0,0.0,0.0,-0.31572942687660055,0.8445424347835379,0.049207170856907845,-2.1651965398211552,0.14923176653050504,3.132254657448155,0.35647055252892557,-0.01211034099872366,2.367087105368724e-06,0.002374873590929444,-0.0012017069847378218,-0.0519182468258738,-2.218564191638108e-05,0.03809365627016803
84,4.2,1,move_to,-0.04593346562649078,-0.1470507614193287,0.8344731667161347,0.9978763655529767,-0.0024347641347538173,0.06508381183014571,-0.0009635517878009403,0.6892442497374691,1.0,0.0002663721173838616,9.615699958613593e-05,0.01999799489265139,0.0,0.0,0.0,-0.3163539586809956,0.8372968934961682,0.04945918908456607,-2.170782832663337,0.1470311843787801,3.132036787351191,0.358307266263136,-0.012221899685916126,-0.22530780252994873,0.0056772816571662756,-0.17360556389964268,-0.038867916010098674,-0.014647269261987323,0.035519735519812454
85,4.25,1,move_to,-0.046369983662243125,-0.14695387059624107,0.8388746620554342,0.9978190872499774,-0.0023593519471992266,0.0659625213664169,-0.0006695916631117269,0.6898195642592416,1.0,0.0002969763112537427,9.435612232140762e-05,0.01999757240248762,0.0,0.0,0.0,-0.3169203054713493,0.8241665477020175,0.04971251586275692,-2.180738440082206,0.14526859546107782,3.1306848601515633,0.3600006049862164,-0.010195486173004123,-0.2724287807903871,0.003836453453453049,-0.20272723763949427,-0.032705286393965284,-0.03927439268916803,0.032314516907677
86,4.3,1,move_to,-0.0468398376691527,-0.14685860139291348,0.8437056804198946,0.9977700836724329,-0.00227981031357135,0.06670438391928074,-0.00043331188364205647,0.6891553072009653,1.0,0.0003862995076486695,8.07978377509523e-05,0.019996105730861826,0.0,0.0,0.0,-0.3173663159447853,0.8097745637229391,0.04985902611542132,-2.1911775761149714,0.1437972171154891,3.128257273104133,0.36151180226698604,-0.007478373673560804,-0.2831432168977607,0.0015387531380925054,-0.1999818107151221,-0.026882254321102746,-0.058048966434196936,0.028234717270470396
87,4.35,1,move_to,-0.04724346589385224,-0.14678596242776085,0.8486561652845632,0.9977274545079347,-0.0021956229620257793,0.06734275806996855,-0.00024227351176135423,0.6882867582113024,1.0,0.0004910077725533802,6.669958279120574e-05,0.01999386062102434,0.0,0.0,0.0,-0.31766644628225876,0.7950842636463441,0.04989663336212374,-2.201296716804629,0.14264263090951065,3.124987570858512,0.36279430414782926,-0.0045137939715645834,-0.28593218617891203,-9.081319160134833e-05,-0.19160055301439063,-0.019917287731778154,-0.07308819958624359,0.023204736422006527
88,4.4,1,move_to,-0.04756787609251585,-0.14671744822799554,0.8536547091884996,0.9976892113661477,-0.002106550848076821,0.06791016199318253,-9.932359715449882e-05,0.6873528845441454,1.0,0.0005933295749090008,5.574892954970361e-05,0.019991119330152386,0.0,0.0,0.0,-0.31782160551119193,0.7803129208322042,0.04986967393854264,-2.210980020050415,0.1418714769711274,3.121038523505743,0.3637962298261013,-0.0015729135746224054,-0.28675815844614366,-0.0016404279255426905,-0.18304647947758418,-0.011707951293239075,-0.08528411863192283,0.01700575362488953
89,4.45,1,move_to,-0.04782887963217736,-0.1466677909263608,0.8586795130695519,0.9976542826396405,-0.00201751208384095,0.06842413184293517,1.2542543548504316e-05,0.6863967983770135,1.0,0.000690112693763271,4.455739411242946e-05,0.019988040401913758,0.0,0.0,0.0,-0.31783381915948794,0.7655187651100561,0.04975941366312088,-2.2202430401819355,0.14153256824359145,3.116526990020074,0.36445856262151843,0.0009238378623034448,-0.28696277835428313,-0.003268299227240177,-0.1750607947431156,-0.0027673540059731036,-0.09560537960508121,0.009624584334946607
90,4.5,1,move_to,-0.04803928662694277,-0.14664619927587944,0.8637217793571007,0.9976219730648884,-0.001897909319918655,0.06889692319680553,0.00010378990588617207,0.6854314230486254,1.0,0.0007838448933121116,3.6243158799159455e-05,0.01998460091211903,0.0,0.0,0.0,-0.31773714849068874,0.7507241027334006,0.04956600009997242,-2.2291152087488313,0.1415440001254974,3.1115313982891073,0.36475834380707933,0.0031128856715996224,-0.2868508320493184,-0.00512847340234948,-0.1676415273335718,0.0021079558314892103,-0.104616898028675,0.0030134953873937396
91,4.55,1,move_to,-0.04820350914878134,-0.14664349122100123,0.8687770093221515,0.9975918060199371,-0.0017460456243603168,0.06933618581940289,0.00018227060513261036,0.6844602028176947,1.0,0.0008769243293377219,3.339310512805669e-05,0.019980737939854613,0.0,0.0,0.0,-0.31751555496148093,0.7359408806327137,0.04927761845746002,-2.2376205666960387,0.1418214286532073,3.10610731886207,0.364795308217912,0.005994762300962525,-0.28655937888512967,-0.00706466477949316,-0.1606455957151607,0.008211881419767504,-0.1126450645714886,-1.839968145057468e-05
92,4.6,1,move_to,-0.048323509775355544,-0.14664463461256064,0.8738421596381776,0.9975630651376969,-0.0016723700784282095,0.06975009204658394,0.0002427156688858541,0.683483717179903,1.0,0.0009703090490494541,3.477719795870595e-05,0.01997641837006411,0.0,0.0,0.0,-0.31712304320356166,0.7211774712058634,0.04888155236631026,-2.245778820757297,0.14240217662981383,3.1003008823924763,0.36478253771541613,0.009895165955560161,-0.28610964921510607,-0.009486666221175803,-0.15400791330877436,0.014263546044940711,-0.11982309071864697,-0.0008500754923041318
93,4.65,1,move_to,-0.04840184121446871,-0.14664261592432323,0.8789146581288222,0.9975354794610269,-0.0016470615666731919,0.0701439114439631,0.0002934143738553826,0.6825015746596762,1.0,0.0010645738965277276,3.734057670645116e-05,0.019971612055619422,0.0,0.0,0.0,-0.3165147682539801,0.7064418093045132,0.04835015344395977,-2.253604140507928,0.14330927341969343,3.0941484048022048,0.3646521196026806,0.014541082970317488,-0.2855046929033424,-0.012444556055252683,-0.14758653272969238,0.021293252313984566,-0.1263930892956558,-0.004596152240157684
94,4.7,1,move_to,-0.048441780872180894,-0.14663744929978534,0.8839923290487787,0.9975088167837105,-0.0016344118345549285,0.07052215091643357,0.0003396569376249289,0.6815130405947624,1.0,0.001160609343879582,3.9392581943748376e-05,0.019966257390291932,0.0,0.0,0.0,-0.31565951621275806,0.6917417609894692,0.047659411765357616,-2.2611047389498107,0.14459785000623726,3.0876756757019925,0.3642917081604852,0.019719831625437032,-0.28474552666317493,-0.015840065805409937,-0.14129371413961717,0.029415722828432366,-0.13252019834198586,-0.009855781952155343
95,4.75,1,move_to,-0.048445907741425376,-0.14663020631631732,0.8890733222104049,0.9974828253428779,-0.0016260819271470852,0.07088880530732102,0.0003824730788353529,0.6805171495285435,1.0,0.0012597814213281128,4.082155100933141e-05,0.019960242593000964,0.0,0.0,0.0,-0.31453363034109805,0.6770852954311827,0.046787805850563066,-2.268285579912233,0.14631199783546658,3.080902378385864,0.36364631129079417,0.025322853052241606,-0.2838279745795039,-0.019663988909249315,-0.13508180879273302,0.03821413980347985,-0.13829363167997413,-0.015888923180452548
96,4.8,1,move_to,-0.04841608887611494,-0.1466223065709016,0.8941559853660724,0.997457273698703,-0.0016196018231948925,0.07124735902530477,0.0004217432908057196,0.6795126654872158,1.0,0.0013636709660314337,4.181875442640606e-05,0.019953412056292055,0.0,0.0,0.0,-0.3131179459065417,0.6624807753442438,0.045713658485235405,-2.275149513465798,0.14847357468922912,3.0738446485798248,0.36268929266820193,0.031274106025636746,-0.2827421688948728,-0.02392633508230894,-0.12891387592050307,0.047235694850072577,-0.14377058845222676,-0.0222499867912185
97,4.85,1,move_to,-0.048353491087071085,-0.1466153167154127,0.8992387776917494,0.9974319519538615,-0.0016135991173194296,0.07160089833887387,0.00045703004664927947,0.6784980554489194,1.0,0.001474163714911015,4.2764731535855e-05,0.01994555119617847,0.0,0.0,0.0,-0.3113966845252916,0.6479372523604932,0.044414890119402826,-2.2816975548223657,0.15108307401617888,3.0665162465783733,0.36141337588330585,0.037512276950187246,-0.2814725202387711,-0.02863247494843713,-0.12275515700779233,0.05607858361298214,-0.14899135253778856,-0.028596319991762285
98,4.9,1,move_to,-0.04825853486044826,-0.14661077889006344,0.9043201977596004,0.9974066663025891,-0.0016068616679307964,0.07195222051640673,0.0004878252693836032,0.6774713299660045,1.0,0.0015936017778804155,4.424444854908928e-05,0.019936360645872883,0.0,0.0,0.0,-0.3093568910603323,0.6334647824822021,0.042869428082825276,-2.2879288668974045,0.15412245548035564,3.0589292495831946,0.3598268832005455,0.04398457471668697,-0.2799970991330999,-0.033777300142357,-0.11656897647733457,0.06439997272110319,-0.15398510099343948,-0.034641098010275456
99,4.95,1,move_to,-0.048130787952255956,-0.14661005342008096,0.9093987148721869,0.9973812328798893,-0.0015981735339021552,0.0723039300001067,0.0005136602825389813,0.6764297067800795,1.0,0.0017250070297832676,4.70845688608734e-05,0.019925414268982554,0.0,0.0,0.0,-0.3069880973461737,0.6190748014407246,0.04105579686539558,-2.2938405416443057,0.1575579342316837,3.051094534288581,0.357951409958105,0.05064337163594588,-0.2782861456223896,-0.03934314835372635,-0.11031292688824341,0.07190964434807567,-0.1587730473179901,-0.04013698837566632
100,5.0,1,move_to,-0.04796892583011503,-0.14661366853552701,0.914472536940595,0.9973554856755794,-0.0015861450226554018,0.07265833909299733,0.0005339447929589964,0.6721274213623378,1.0,0.001872435126762177,5.242406664588809e-05,0.019912087746223484,0.0,0.0,0.0,-0.3042818916214224,0.6047806645422151,0.03895426917724997,-2.2994276429047673,0.16134234747000764,3.043022234137417,0.35582047400586025,0.05744419612534974,-0.2762991581639956,-0.045314879063640144,-0.10392785435011538,0.07835826212897477,-0.16335485431787594,-0.044863247540856944
101,5.05,1,move_to,-0.04776973982167376,-0.14662352389235442,0.9195402296071573,0.9973291937755999,-0.0015700078784052223,0.0730185778788646,0.0005491836855740586,0.6701538412707342,1.0,0.002041643273368803,6.157473280532727e-05,0.019895424129597935,0.0,0.0,0.0,-0.3012327568009804,0.5905982638502354,0.03654531141448252,-2.3046800877119114,0.1654173805345121,3.0347219009504594,0.35347672903254296,0.06434266762980172,-0.27397772199298404,-0.05159743293759724,-0.09735509438350028,0.0835512879903016,-0.16779086308228186,-0.04863868081448134
102,5.1,1,move_to,-0.04752895729513229,-0.14663834909346307,0.9245992299652149,0.9973022053972954,-0.0015479709087944326,0.07338666637176212,0.0005586542713983544,0.6683038605685429,1.0,0.0022408473991683635,7.754015887572075e-05,0.01987391734050944,0.0,0.0,0.0,-0.29783652240588493,0.5765473438681785,0.033814956535573204,-2.309585299296012,0.16971529896459858,3.026202108991341,0.3509730193587626,0.07129894498068731,-0.2712410645499991,-0.05817134992037416,-0.09048130799968199,0.08730164318998457,-0.1720381543771863,-0.05127458489988589
103,5.15,1,move_to,-0.047239233818702805,-0.14665745478576,0.9296467657499364,0.9972742653802436,-0.0015187459739052548,0.07376595578767624,0.0005628389567940052,0.6664376804387847,1.0,0.002483497766062835,0.00010321239778437139,0.019844938549839465,0.0,0.0,0.0,-0.2940912544201352,0.562653498926357,0.030751500855382516,-2.314122408016888,0.17416011943062223,3.017472438513674,0.3483705827336745,0.0782736877330215,-0.2679544620921783,-0.06493815877633284,-0.08314406865154542,0.08946454524847514,-0.17611429890865246,-0.05260667785988413
104,5.2,1,move_to,-0.04688906554300315,-0.1466786222925151,0.934678749653997,0.9972450564743593,-0.0014805599332041917,0.07416056314328466,0.0005622757385435154,0.6645644875599747,1.0,0.0027925111250443157,0.00014467272581021007,0.019803559059394106,0.0,0.0,0.0,-0.289996687518968,0.5489522703665843,0.027348961621256305,-2.3182586399428726,0.17866900792414164,3.008542661908921,0.3457392213099102,0.08523640338898159,-0.2638893461418259,-0.07178170446065804,-0.07506714959539153,0.08990895320575466,-0.18001320985724223,-0.05245866021652127
105,5.25,1,move_to,-0.046481537620812224,-0.14670125181614369,0.9393180639049447,0.997226690250272,-0.0014400753710558853,0.07440822377836556,0.00052025912884013,0.6626916847207435,1.0,0.002689065543003147,0.00017862229251511264,0.016521250346003047,0.0,0.0,0.0,-0.2855652312290605,0.5365611494905462,0.023609743767631343,-2.3214412048350987,0.18315655123247626,2.999627936961553,0.34313867982733975,0.09164984271229601,-0.22567070584822302,-0.07787407519524188,-0.05020096365504837,0.0891789861927873,-0.17532888475308425,-0.05146834443407728
106,5.3,1,move_to,-0.04600014532254041,-0.14672044314577315,0.9430920078752493,0.9972290453642817,-0.001411724502544898,0.07437784836232113,0.0004168797939691304,0.6609127340280383,1.0,0.0022815376208122212,0.0002012518161436938,0.01188193609505539,0.0,0.0,0.0,-0.28084496550495697,0.5267911480230605,0.019615328004102612,-2.3231021627215713,0.18761364865773672,2.991226199756262,0.34059172651941966,0.09672135907751553,-0.1673227984306472,-0.08167856295429649,-0.018307153635439565,0.08907202513645024,-0.16010993025312745,-0.05042704289862627
107,5.35,1,move_to,-0.04546036476607586,-0.1467203415285347,0.9459023170126392,0.9972494323987264,-0.0014090998522088302,0.07410471591229718,0.00027403937832135684,0.6589095271643348,1.0,0.001800145322540407,0.00022044314577315816,0.008107992124750774,0.0,0.0,0.0,-0.2759161066329641,0.5198256522207699,0.01549294247117299,-2.3233622696329626,0.1920944388747606,2.9837396460314185,0.338089127933354,0.09999714501175272,-0.11562509515287302,-0.08295402054211015,0.0044189929628995275,0.09017358223808991,-0.1389247118927309,-0.049776493598997024
108,5.4,1,move_to,-0.04494166705447639,-0.1466789150719255,0.9478899642735075,0.9972809155958167,-0.001440512054730157,0.07367960746745983,0.00012552620823900332,0.6569164522970988,1.0,0.0012603647660758555,0.00022034152853470101,0.0052976829873608855,0.0,0.0,0.0,-0.2708739550728802,0.5151198183540848,0.011360324877079468,-2.322793496797688,0.1966515328794463,2.9773948950118885,0.335605322724495,0.10130754980605552,-0.076388105884846,-0.08212078685224894,0.01658342520237551,0.09210267719993917,-0.11517763490244186,-0.04972774310101039
109,5.45,2,move_to,-0.044461470228242296,-0.14460596546682733,0.9485415709210265,0.9973567619271755,-0.0006716017277471622,0.07265122795393279,-0.0009151317081373612,0.6548647893649835,1.0,0.0010557159504086522,0.019766504394179398,-0.002858455503753622,0.0,0.0,0.0,-0.26496985562064745,0.5132399794449318,0.009900126308219025,-2.322226489436847,0.20124669443591878,2.972258558140265,0.3343891924110532,0.130060979109829,-0.011760579857846273,-0.009957347601634824,0.005517927745627243,0.08425153684813169,-0.07539722472116109,0.0005615526345775591
110,5.5,2,move_to,-0.044047737905435695,-0.14107502701545843,0.9482704418480722,0.9974277050453854,0.00038530953864779186,0.07164749466020538,-0.002112167931234438,0.6529550575572199,1.0,0.0010274577389963256,0.01975770343819879,-0.002928734443879169,0.0,0.0,0.0,-0.25798580368101226,0.5131350960994984,0.009721170219507335,-2.322437369655972,0.20494613760300714,2.9699139370943692,0.33558807677872976,0.14656578047102917,0.003978154916817479,-0.006223196203221292,-0.012829741068959583,0.06299813723942094,-0.01923218687208938,0.045109164378881496
111,5.55,2,move_to,-0.04373085974414359,-0.13711945283423305,0.9477356467433928,0.9974727950084723,0.0012560818997281215,0.07097538985113057,-0.0029899016248282092,0.6510047949797749,1.0,0.001009817959231157,0.019755795195574008,-0.002947681102112137,0.0,0.0,0.0,-0.2503118436977461,0.513478023491927,0.009648280925507395,-2.323539748642259,0.20763414863848287,2.9698214833329444,0.3388294697371486,0.15774316433125193,0.008566075346668438,-0.004427374919123469,-0.028677540238099573,0.0438549879096772,0.014648013000427488,0.08222836054504933
112,5.6,2,move_to,-0.04349805432032565,-0.13286200445335675,0.9470742552683236,0.997503951881385,0.0019645653815630287,0.07048846258047388,-0.003658292897097419,0.649064269677916,1.0,0.0010009309064667442,0.019755611253073277,-0.0029519419604599416,0.0,0.0,0.0,-0.24218822802904016,0.513980817912707,0.009661684618516074,-2.3252708304720704,0.20938595986462122,2.9710681345498613,0.3437690090693323,0.16478914159024602,0.010849905079956685,-0.0026623444544562587,-0.03864319791342866,0.025646059555953064,0.03678597345365498,0.1131706217058753
113,5.65,2,move_to,-0.04331180614797364,-0.12839078967015005,0.9463445972435518,0.9975246892158335,0.002550047506890975,0.07014729153041704,-0.004165231507769353,0.6471366503099201,1.0,0.0009996028905049788,0.019755967231684143,-0.002950008949463766,0.0,0.0,0.0,-0.2337940681925101,0.5145864252986143,0.009775117748598572,-2.327400160016701,0.21024402386915048,2.973246087274599,0.35013842944684015,0.16878275470906892,0.012667615315396398,-0.0006134256575921089,-0.04487217109550069,0.008180430412306022,0.052083472451095465,0.139503433976051
114,5.7,2,move_to,-0.04315523284669438,-0.12376222497366367,0.9455712651086697,0.9975381481861623,0.003028051945281388,0.06991197515582868,-0.0045595553016214135,0.6452247772061203,1.0,0.001002836260604119,0.019756532259429506,-0.0029451235146490673,0.0,0.0,0.0,-0.22525830361970528,0.515281806923047,0.010007129841644844,-2.329766334169285,0.21030330284670531,2.976062216985354,0.35771958505861307,0.17073716029814218,0.014382563371808458,0.0016343047575154604,-0.048402899175652915,-0.005144098100536632,0.0625194231246873,0.1611527748710622
115,5.75,2,move_to,-0.04302247108897135,-0.11902364229878491,0.9447664439991412,0.9975462870198281,0.0033886172500607803,0.06975700236250108,-0.004887038723407455,0.644101738089127,1.0,0.0010092723181405676,0.01975720340512358,-0.0029384150483565616,0.0,0.0,0.0,-0.21666646446635757,0.5160660581561485,0.010361859124706376,-2.3322591828639587,0.20976182194711956,2.9793176877583503,0.3662611870756668,0.1710927687867049,0.016122618417041348,0.004003201012260807,-0.05022781928432125,-0.017516804372543427,0.0696911940008199,0.17849587898838346
116,5.8,2,move_to,-0.042906271482146895,-0.11421005223189341,0.9439399293881341,0.997550596902909,0.003688265219755207,0.06966047233616818,-0.00515964264454796,0.6448862866836029,1.0,0.0010184182450434418,0.019757955808636846,-0.0029301888236283043,0.0,0.0,0.0,-0.2080930338227595,0.5169387434653083,0.010835757422826943,-2.334797572973334,0.20857982530017305,2.982873844360862,0.37562019642608574,0.17009146637540767,0.01782547130556388,0.006337148910725715,-0.050428726904141664,-0.03056614365886981,0.07452232107638358,0.19392468096491006
117,5.85,2,move_to,-0.042799994448139644,-0.10934141302824289,0.9430990142960024,0.9975522019070285,0.003952239750171199,0.06960533799474365,-0.005392698214508449,0.6436035824573073,1.0,0.0010296802211190446,0.019758772657879703,-0.0029207296513819652,0.0,0.0,0.0,-0.19959161276497345,0.5178985056753741,0.011434360749592443,-2.337321515453501,0.2067398007838146,2.986620359906684,0.3857214925360472,0.168272379706075,0.019504706127060345,0.008825263561167428,-0.04976882642003678,-0.04375430573884926,0.0774208222939769,0.20819799248481258
118,5.9,2,move_to,-0.042699654243784343,-0.10443272475858861,0.9422485437960685,0.9975518793447486,0.0041919075545624115,0.06957974544642023,-0.005597762983991607,0.6422324391796572,1.0,0.0010425344039864445,0.019759633972996873,-0.002910324255077512,0.0,0.0,0.0,-0.19119481067007865,0.5189441379875502,0.012153517537165079,-2.339788727890606,0.2042404186610473,2.990480033861984,0.3965128817218962,0.16595913415676275,0.02116156706874634,0.011126707525446953,-0.048347697935316916,-0.056859743641186164,0.0790154085480516,0.22151672049558013
119,5.95,2,move_to,-0.04260183514191085,-0.0994961979360804,0.9413923741813927,0.9975501375900311,0.004414041499950383,0.06957583146183823,-0.005782984362689457,0.6408639838127888,1.0,0.0010566690839855222,0.019760527962422506,-0.0028991352319730594,0.0,0.0,0.0,-0.18291975180088232,0.5200746552441331,0.012982339701373281,-2.342166923433301,0.20109108819949315,2.9943952893849013,0.4079490380379973,0.16343575276356886,0.022799321067815403,0.013176438669789717,-0.0463803869771085,-0.06969485592667829,0.07960963353313502,0.23398148715345965
120,6.0,2,move_to,-0.04250424692456844,-0.09454043977385318,0.9405331037498986,0.9975473592628538,0.004623659158840366,0.0695875762469117,-0.0059545810741762385,0.6393699348453739,1.0,0.0010718079679135498,0.019761446921705072,-0.0028872899474334237,0.0,0.0,0.0,-0.1747713258779397,0.521289145502698,0.013906200696903208,-2.3444324241130294,0.19730919343897874,2.9983225412033034,0.41998861775216084,0.1609130093611644,0.024418643942791297,0.01490184089427622,-0.044008467566921755,-0.08212001624563221,0.07944928777811604,0.2456525779675566
121,6.05,2,move_to,-0.04240514103824384,-0.0895719280123151,0.9396726629829073,0.9975438088799372,0.004824373830467633,0.06961076061000865,-0.006116926495056686,0.6379676926555862,1.0,0.0010877698188392247,0.019762386605597527,-0.0028748621657606467,0.0,0.0,0.0,-0.16674543433593797,0.5225866975102267,0.01490729889401512,-2.3465672619681976,0.192918301486627,3.0022288602135965,0.43259268022195907,0.15854343971447424,0.02601944964232363,0.01625423289159471,-0.04132157830439692,-0.0940227847539951,0.07870822822939046,0.25656459463860837
122,6.1,2,move_to,-0.04230323748178045,-0.08459528544414166,0.9388124309103045,0.9975396850899255,0.005018923745167563,0.06964218395243395,-0.0062732200237393294,0.6365906320978991,1.0,0.0011044169681339619,0.01976334456824517,-0.0028619005288989504,0.0,0.0,0.0,-0.15883146488613245,0.5239663895932644,0.015966213090316296,-2.348557619128842,0.18794693582750122,3.0060884713911413,0.44572381840812547,0.1564355131174213,0.027601077006965603,0.0172043440332395,-0.03838792821348685,-0.10531657925825996,0.07751162262058116,0.26674242465025544
123,6.15,2,move_to,-0.042197477511361714,-0.07961393836152617,0.9379534852947261,0.9975351316538994,0.005209289245186714,0.06967951774383907,-0.006425669520179743,0.6352211898580238,1.0,0.0011216524416902687,0.01976431958373671,-0.002848432409584568,0.0,0.0,0.0,-0.15101433919123072,0.5254272477669624,0.01706257775871725,-2.3503924092938204,0.1824274075947134,3.0098808706141162,0.45934567863217063,0.15466253190622387,0.029162483220980327,0.017745451102400788,-0.03525433448574176,-0.11593450209295533,0.07594437476204928,0.2762038431053168
124,6.2,2,move_to,-0.042086961381673144,-0.07463032889051167,0.9370966821391842,0.9975302591963631,0.005396910590239989,0.06972097380946861,-0.006575800694674376,0.6338599388957279,1.0,0.001139397098034258,0.019765310998462533,-0.002834476210351235,0.0,0.0,0.0,-0.14327606936030376,0.5269682286536239,0.01817596601245381,-2.352062470142985,0.17639486176083005,3.0135891984438214,0.473422736890294,0.15326962909060948,0.030702164438804625,0.01788260839679744,-0.031952242420599096,-0.12582820557766194,0.07406755179128485,0.28496376557426556
125,6.25,2,move_to,-0.04197088084302841,-0.06964614323761761,0.9362427340335043,0.99752515681466,0.0055828094232393,0.06976512799803648,-0.0067246320529833915,0.6325195388500194,1.0,0.0011575846633841882,0.019766318440222655,-0.0028200448696450876,0.0,0.0,0.0,-0.13559698738142772,0.5285882032187951,0.019286498630444255,-2.353559972111507,0.1698864401443373,3.017199184905635,0.4879202176360132,0.15227985984777098,0.03221831509989181,0.01762997336727054,-0.0285025552971619,-0.13496502833128673,0.07192578980721631,0.29303625356723634
126,6.3,2,move_to,-0.041848459028221825,-0.0646625017879812,0.9353922738844691,0.9975198987509722,0.005767669795747826,0.06981081814786674,-0.0068727905905427225,0.6311741255611807,1.0,0.0011761552801537194,0.01976734160898603,-0.0028051496342648492,0.0,0.0,0.0,-0.12795671134074854,0.5302859465891772,0.020375309246759687,-2.3548779981062435,0.16294057813831458,3.020698426078132,0.5028040808655647,0.1517002867832748,0.03370916142788437,0.017015357966381803,-0.024923138497759772,-0.1433246400969675,0.06954860010709998,0.3004365324182596
127,6.35,2,move_to,-0.04171896109950383,-0.059680045993630415,0.9345458662303899,0.9975145524456226,0.0059519224393334205,0.06985701915604155,-0.007020623413684858,0.6298492883251239,1.0,0.0011950489630930808,0.019768380160176593,-0.0027898035447942783,0.0,0.0,0.0,-0.12033488388193692,0.5320601365400742,0.021424927088868416,-2.3560103395952603,0.15559640942774594,3.0240758934510934,0.518041074189364,0.15152356478763018,0.035172722901326586,0.01606617136327841,-0.021223662169510576,-0.15089847180910107,0.06696209903373579,0.30718013614763917
128,6.4,2,move_to,-0.041581652355512484,-0.054699058675012534,0.9337040470707079,0.9975091794582679,0.006135784617306109,0.0699028272083997,-0.0071682488722881466,0.6285315627140439,1.0,0.0012142064432898846,0.019769433682078702,-0.002774021377524959,0.0,0.0,0.0,-0.11271175371748315,0.533909357182762,0.02241954303878482,-2.3569513018787753,0.14789326889366453,3.027321626789896,0.5335987922705345,0.15173324134834118,0.036607351745998176,0.0148196092256518,-0.01741498058557272,-0.15768662487805235,0.06418427007466064,0.3132849000380194
129,6.45,2,move_to,-0.04143581839467163,-0.04971951899911804,0.9328673216690616,0.997503839037809,0.006319307115629179,0.06994740340487776,-0.007315614760571538,0.6272106856183151,1.0,0.0012335638718293867,0.019770501666995156,-0.0027578223310175433,0.0,0.0,0.0,-0.1050686154676615,0.5358321105939322,0.0233452076992822,-2.3576956488575127,0.1398702671987242,3.030426538135093,0.5494457580402801,0.15230505487338375,0.03801163633629525,0.01331545040258883,-0.013506352545188904,-0.1636972063975005,0.061230974643565916,0.318770316757314
130,6.5,2,move_to,-0.0412807743397495,-0.04474115870281648,0.9320361673636831,0.9974985889284502,0.006502403867814876,0.06998995959279156,-0.0074625321365526095,0.6259084352559363,1.0,0.0012530543131124066,0.019771583558783282,-0.0027412293713662645,0.0,0.0,0.0,-0.09738814170186505,0.5378268326877499,0.024189945436912406,-2.3582385734037867,0.13156591883272398,3.033382323498049,0.5655515154350784,0.1532081841474812,0.039384418927745427,0.011591582694363623,-0.009504493692897562,-0.16894553386741296,0.05811854512552717,0.32365697915097213
131,6.55,2,move_to,-0.04111586446414998,-0.03976350747317265,0.9312110388444693,0.9974934849566548,0.006684880270107697,0.07002976112431193,-0.007608705650288614,0.6246037376075073,1.0,0.001272608142547978,0.01977267879160395,-0.0027242690615238273,0.0,0.0,0.0,-0.08965463370110549,0.5398919144103134,0.024943846306053622,-2.358575678346419,0.12301783133304128,3.0361813966021516,0.5818867060287283,0.15440864425598402,0.04072514679821409,0.009691781901752392,-0.005419498182311223,-0.17345255811905086,0.054860266056906866,0.32796819163059626
132,6.6,2,move_to,-0.040940491388886516,-0.0347859337866209,0.9303923566399778,0.9974885814543573,0.006866450902172071,0.0700661190281436,-0.007753752930999543,0.6233066335341595,1.0,0.0012921523670940207,0.0197737868278626,-0.0027069718776634682,0.0,0.0,0.0,-0.08185419791585459,0.5420257245632774,0.025599054865421203,-2.3587030115468153,0.11426241076322709,3.0388169003721104,0.5984231637457283,0.15586868562366143,0.04203362246579413,0.007656079567539916,-0.0012595354251785029,-0.17724489446498626,0.05147137529179622,0.3317282181251084
133,6.65,2,move_to,-0.040780540850763,-0.029805527894338317,0.9295732835838979,0.9974843762392198,0.007046939694509811,0.07009216617382863,-0.007896077548733569,0.6220068130971717,1.0,0.001311613642195291,0.019774907227283492,-0.0026893705222483613,0.0,0.0,0.0,-0.07397526684239147,0.5442085479575413,0.026153306252050906,-2.358696810418954,0.10533590188898327,3.041332175688407,0.6151342681086784,0.15752962919884053,0.04276418506490642,0.0056925713160815876,0.00028829825226793656,-0.1802837175709237,0.050055295856181764,0.33497646116997704
134,6.7,2,move_to,-0.040636200905393535,-0.024820194438566392,0.9287531066342838,0.997479534790664,0.00722551255901268,0.07012725769303911,-0.008033515451725709,0.620702922551726,1.0,0.0013344630235420118,0.019775928068804717,-0.0026705575178716735,0.0,0.0,0.0,-0.06600885399085915,0.5464465066848063,0.02660853926257884,-2.3585671871929113,0.09627518281639563,3.043784687315108,0.6319946267438392,0.1593579092604678,0.044041547640571714,0.0036733257209257825,0.0032724745021425862,-0.18264078240043413,0.04861353922575057,0.33771199324119133
135,6.75,2,move_to,-0.04049240916540553,-0.019831240588341126,0.9279338931885082,0.9974737049169928,0.007401425277218735,0.07017639685927139,-0.0081670206857999,0.6193925818370445,1.0,0.0013611014988908136,0.019776831801537543,-0.002650344619744862,0.0,0.0,0.0,-0.05794724209677048,0.5487539952307361,0.026959980758197603,-2.358271104011372,0.08711132958708266,3.0461535740568983,0.6489786743977479,0.1612811758757802,0.04541501951282483,0.00177067029730491,0.006745501216816456,-0.18437330822095876,0.04660624663584502,0.3399609009353374
136,6.8,2,move_to,-0.04034475059930906,-0.014837085205858242,0.9271167985119959,0.9974671420981165,0.007575216281260712,0.07023559757876323,-0.008299238860376281,0.6180825427480512,1.0,0.0013897765648030883,0.019777704640048858,-0.0026288629235686613,0.0,0.0,0.0,-0.049786622061080775,0.5511322312259515,0.027209042520089897,-2.3577900392445157,0.07787283691833727,3.0484134853013654,0.6660624990042671,0.1632606093480065,0.04676711742366185,-0.00014094610057164953,0.010500584699735126,-0.18557525703664804,0.04414938496349175,0.3417401369127628
137,6.85,2,move_to,-0.040190520335827644,-0.009837414422270896,0.9263032940686942,0.9974600686494491,0.00774704559683342,0.07030153623337036,-0.008431413735798258,0.6168338642376818,1.0,0.0014200805898067679,0.019778554966118606,-0.002606172398495381,0.0,0.0,0.0,-0.04152500080573583,0.5535794060030387,0.027356769828584503,-2.357112062445767,0.06858548585733118,3.0505443844829334,0.6832232700836639,0.16527113016681969,0.04807467255746631,-0.0021005976206683787,0.014466530957132193,-0.18629475342798246,0.04134484583440309,0.3430662988382772
138,6.9,2,move_to,-0.04002777457588399,-0.004831954811744007,0.9254946745276694,0.9974526712931113,0.007917071750109786,0.07037146520883665,-0.008564192285337068,0.6158084627307467,1.0,0.0014517928993469454,0.019779375708331298,-0.002582362090427965,0.0,0.0,0.0,-0.03316154576525176,0.5560932439426136,0.027405395685625975,-2.356228465593247,0.05927338458042643,3.052530221952797,0.7004393876104188,0.1672968597175456,0.04933688918174043,-0.0040590985279489586,0.018580657274228266,-0.18656102022056184,0.038257508029713554,0.3439731908482409
139,6.95,2,move_to,-0.03985472625853724,0.00017918851971751625,0.9246921835711637,0.9974450829745997,0.00808507675417054,0.07044351048662598,-0.008697690152717144,0.6145239314745734,1.0,0.0014847793369981077,0.01978015661959072,-0.00255750550828047,0.0,0.0,0.0,-0.024696902333572614,0.5586715084176311,0.02735780447010176,-2.3551320871534323,0.049959131442772774,3.054358401064674,0.7176904558591707,0.16930982100777658,0.050557058860430125,-0.005975644209137982,0.022814808105570548,-0.1863987742886854,0.034936478716204054,0.3444827017864098
140,7.0,2,move_to,-0.03967012730801028,0.0051968633256360445,0.9238967584947403,0.9974374198700477,0.00825106379579247,0.07051597298627105,-0.008832380371029316,0.6131882558080951,1.0,0.0015189052007434085,0.019780888866122254,-0.002531671909484982,0.0,0.0,0.0,-0.016133543153422452,0.5613121635207065,0.02721997313146389,-2.3538176487691644,0.0406639652678123,3.0560187499757,0.7349575842420469,0.17127023666355595,0.05173914953894637,-0.007801193138268247,0.027138912676132936,-0.1858400693579363,0.031430495916015364,0.3446228224260348
141,7.05,2,move_to,-0.03947308576104368,0.010225325170690316,0.923109220681098,0.9974297264093609,0.008415610293872488,0.07058773561154313,-0.008971619673326747,0.6119194480937109,1.0,0.0015541194496832662,0.01978156057325369,-0.002504909982975707,0.0,0.0,0.0,-0.007481223719235146,0.5640134338291125,0.027009557998690127,-2.352281447749071,0.03140868883757991,3.05750409561965,0.7522232941553639,0.17303893493234992,0.05288871738904495,-0.00947441369016326,0.031533402317748635,-0.18493426943291205,0.027802991289995825,0.34438522930909027
142,7.1,2,move_to,-0.039262802992292935,0.015256648240728714,0.9223300304114439,0.9974221698612386,0.008576979514406885,0.07065736769329886,-0.00910971362672499,0.6109145077850873,1.0,0.0015904773682140284,0.019782143708310156,-0.0024773316380662454,0.0,0.0,0.0,0.001260699230639412,0.5667737321596921,0.02671482004479457,-2.3505200635256984,0.022206886090786426,3.058807090281988,0.7694682992012565,0.17483913859721337,0.054006825580388884,-0.01115612484605927,0.03600255420974859,-0.18370175288983062,0.02403542089383103,0.34382024448625925
143,7.15,2,move_to,-0.039038102397424584,0.020291098881338815,0.9215599561797884,0.9974148184794057,0.008735221719869759,0.0707241258128673,-0.009245204551750694,0.609607081912706,1.0,0.0016278815016933996,0.019782664213444573,-0.0024487136285290347,0.0,0.0,0.0,0.010092226470791502,0.569591417254219,0.026338399417895925,-2.3485299960789816,0.013074708219067203,3.059921411891351,0.7866783338207307,0.17661919970038154,0.05509393466135426,-0.012719193964644535,0.04051810014548071,-0.18216023450644092,0.020149953430528625,0.3430117802799665
144,7.2,2,move_to,-0.03879832249208569,0.02532976896151062,0.9207995540801654,0.9974077351588149,0.008889828582299949,0.07078733872563803,-0.009377284749952164,0.6083435072723863,1.0,0.0016662629403736146,0.019783117435350436,-0.002419056087128011,0.0,0.0,0.0,0.019011013456936846,0.5724649342081687,0.025885782869660066,-2.3463092203290823,0.00402599561190044,3.060842370132897,0.8038424964326125,0.17832751686503717,0.05615248697959275,-0.014156749905106234,0.045071108296246776,-0.18036699651561805,0.01618590280496164,0.3420011671276174
145,7.25,2,move_to,-0.03854332062868336,0.030374498528539125,0.9200491329826667,0.9974009799504114,0.009040605597603531,0.07084628215390809,-0.009505627246792818,0.6073238823749053,1.0,0.0017056630242722997,0.019783492475093686,-0.002388333966500883,0.0,0.0,0.0,0.028012830180147164,0.5753929567977673,0.025365003918060864,-2.3438569772937243,-0.0049282436020994524,3.061566476515195,0.8209521257918845,0.17993261658173168,0.05718636549038319,-0.015446419857840095,0.04963212295440791,-0.17838780508668303,0.01217251097698894,0.340838039777848
146,7.3,2,move_to,-0.038272599675658325,0.03542568102534139,0.9193091625384094,0.9973945643865001,0.009186665210770563,0.07090107635592761,-0.00962940736174256,0.6059544930851307,1.0,0.0017462661768683314,0.019783770221390565,-0.002356478361187633,0.0,0.0,0.0,0.03709121969824024,0.5783743268480102,0.024783256341338402,-2.3411724375253793,-0.01377990286028085,3.062091861745738,0.8379998313897933,0.1813989388824984,0.05820141527042347,-0.016539065694373127,0.0541912607064061,-0.1762689460714154,0.008121845900815645,0.33954556741689046
147,7.35,2,move_to,-0.03798625197639244,0.040484522084095344,0.9185798187479722,0.9973885110305178,0.009327693203978525,0.07095155647744839,-0.009748273552011489,0.6050117066331574,1.0,0.0017881906732606942,0.0197839376556245,-0.0023233994392756496,0.0,0.0,0.0,0.046238465202663934,0.5814081130874383,0.02414954855844192,-2.338255869849081,-0.02252356028312052,3.0624173944356867,0.8549800506850004,0.1826870946327659,0.0591987287805206,-0.017493562132565477,0.058759458670777844,-0.17406844968356272,0.00406691272004363,0.33814541408648685
148,7.4,2,move_to,-0.03768409565627522,0.04555169267837834,0.9178614037870915,0.997382787491451,0.009463254412044876,0.07099835113484662,-0.009861854179012407,0.6036713264419338,1.0,0.001831755687002627,0.01978396993856275,-0.002288930879947863,0.0,0.0,0.0,0.055445304412584585,0.5844936651732804,0.02347327155853709,-2.335107785168597,-0.031156062457514903,3.062544388684457,0.8718882008046558,0.18378615049557273,0.0602087698465837,-0.018228638531295773,0.06324004266449154,-0.1718283253488167,0.0004071263313145415,0.336673355507982
149,7.45,2,move_to,-0.03736437590479856,0.05062784066285745,0.9171544125800182,0.9973756731799405,0.009592806710062634,0.0710654064279621,-0.009972593319247743,0.6027096290452285,1.0,0.0018772850386288742,0.019783840712408168,-0.0022528753959776123,0.0,0.0,0.0,0.06470153937951578,0.5876363656690299,0.022762610721456498,-2.331748578764197,-0.03967696359766329,3.062549832410241,0.8887208032979949,0.1846718362211454,0.06148184589490801,-0.01884950525336239,0.06675000824215266,-0.16961075535690337,-6.508528670513231e-05,0.3351249116710235
150,7.5,2,move_to,-0.037037361958987325,0.05571171624930765,0.916451463716752,0.9973652410329495,0.009716387738241362,0.07117906340996863,-0.01008507415365116,0.6013488149204039,1.0,0.001924744695832438,0.019783553331489387,-0.002215033958200188,0.0,0.0,0.0,0.07399708418368045,0.5908477129615065,0.022022414318921314,-2.3282302104882,-0.048088716157341414,3.0625451785382563,0.9054738664190147,0.18537063080294058,0.06282613442287098,-0.019377404236556726,0.06963225218360396,-0.16745720522873547,-0.00046354085527485406,0.3334990584996282
151,7.55,2,move_to,-0.0367111938468065,0.06080098588813537,0.9157481183776937,0.9973520687252629,0.009834394619888734,0.0713309199074633,-0.010199782206131706,0.6004173605534935,1.0,0.0019778375971246736,0.01978302590639384,-0.002172566322658604,0.0,0.0,0.0,0.08332274951228892,0.5941275646866699,0.021256131516143428,-2.324565912727811,-0.05639415451841237,3.06252744051885,0.9221433463282717,0.185886410281727,0.06411379606549475,-0.019845449622145312,0.07253533964615662,-0.16534863399428257,-0.0011857363363165045,0.3317872292267999
152,7.6,2,move_to,-0.03638507700829432,0.06589465961415741,0.9150454613289106,0.9973363049882249,0.0099472656469405,0.07151848323531673,-0.01031761669682053,0.5992637346971478,1.0,0.002040795503240915,0.01978205644580663,-0.002122591927072161,0.0,0.0,0.0,0.09266988106622794,0.5974730859920013,0.020468341720603436,-2.320752303919449,-0.06459494954614538,3.0624858581440972,0.9387251744423432,0.18622760105117656,0.06533780011659343,-0.020254832574594858,0.07557421062027996,-0.16326900950380058,-0.0021676691055456136,0.32999207754333576
153,7.65,2,move_to,-0.03605625700033456,0.07099217758447396,0.9143459586720559,0.997318461899658,0.010055229816207616,0.07173437938584222,-0.010438233642293125,0.5981049196189686,1.0,0.0021161654115769276,0.019780414031902362,-0.0020632655372892967,0.0,0.0,0.0,0.10203021505502487,0.6008792208731897,0.019664693769107372,-2.316776046481207,-0.07269194268027365,3.0623867260081936,0.9552156866686933,0.1864206194560605,0.06645895944549257,-0.020447352012493234,0.07890601665281351,-0.16119380960899335,-0.003796603429819859,0.32814284658899096
154,7.7,2,move_to,-0.035719181439588465,0.07609336400046575,0.9136538298341502,0.9972989739254354,0.010158082610339179,0.07197248992403633,-0.010560807691099731,0.597096818307032,1.0,0.0022067884292962707,0.019777761519139857,-0.001992544634469883,0.0,0.0,0.0,0.11139493465115903,0.6043399154796484,0.018851141240838032,-2.3126178273274713,-0.08068522492606768,3.0621922430234867,0.9716111719323205,0.1864241336991627,0.06746415245500112,-0.020535797932829714,0.08263370781912105,-0.15911689876643828,-0.006094556100215799,0.32621342991104096
155,7.75,2,move_to,-0.035367676057718324,0.08119885061833931,0.9129737037373407,0.997278071980874,0.010255633205308532,0.07222950719781991,-0.010684915705202384,0.5960349628663486,1.0,0.0023155888820701955,0.019773635205012623,-0.0019082449812113684,0.0,0.0,0.0,0.12075466307216574,0.6078495289637236,0.018035533265358936,-2.30825960739793,-0.08857475216123314,3.0618717746198723,0.987908207372912,0.18622969429634686,0.06836265000915938,-0.020472736900893355,0.08669991172219395,-0.15704415849686612,-0.008951982241009829,0.3242161023645436
156,7.8,2,move_to,-0.034995415767115345,0.08630894040141708,0.9123103420691179,0.9972558729511873,0.010347329079680364,0.07250379101971018,-0.010810038531405074,0.5949617252182895,1.0,0.002446826605063779,0.019767319950789772,-0.0018072358805260463,0.0,0.0,0.0,0.13009888721302973,0.6114025501763941,0.017225795811094895,-2.3036847485010212,-0.0963609218134964,3.0613994219654117,1.0041033040045098,0.18581382483343795,0.06915451198648265,-0.020238879468649634,0.09108245877173728,-0.15498426076609007,-0.01229700148680791,0.3221482127053693
157,7.85,2,move_to,-0.03459555720749184,0.09142390168906779,0.9116689927734811,0.9972323881366448,0.010432490450158479,0.07279516620750404,-0.01093576568477088,0.593891674330944,1.0,0.00260738408221467,0.019757637229617646,-0.0016844344304959853,0.0,0.0,0.0,0.13941576675538428,0.6149931286876825,0.016430527524075266,-2.2988769133888463,-0.10404463662510041,3.0607520714753957,1.020192738838512,0.18514732608627585,0.06982933833523843,-0.01982230911878448,0.09578646224032973,-0.1529474865369027,-0.01609314514153928,0.3200025330480751
158,7.9,2,move_to,-0.03415987280434561,0.0965437600553987,0.9110560357659735,0.9972075000082864,0.010510182189070443,0.07310523258748275,-0.011061779508940835,0.5928276177244698,1.0,0.0028090180387842075,0.019742461320799515,-0.001531221295084442,0.0,0.0,0.0,0.14869178621498189,0.6186143996477862,0.01565877752097629,-2.2938183587478704,-0.11162720066377478,3.0599076365098448,1.0361721528494423,0.1841930174467422,0.07036210453428546,-0.019212044228731354,0.10085396046553811,-0.15093876271245044,-0.02034230111397152,0.31776087634388134
159,7.95,2,move_to,-0.03367725726126121,0.10166807358845668,0.9104801186631815,0.9971808983734989,0.010579004781770759,0.07343821708035267,-0.011187888491869477,0.5917700964426931,1.0,0.0030732820787165113,0.01971753389609613,-0.0013318386992951226,0.0,0.0,0.0,0.15791117812191344,0.6222573139270303,0.014919829122734886,-2.288487306771202,-0.11910985382427276,3.0588429851527996,1.0520357169678267,0.18289910624424635,0.07070044473366938,-0.01839959001759592,0.10638722808564258,-0.14894930457679798,-0.02509763912708389,0.3153829376174917
160,8.0,2,move_to,-0.03320211229541145,0.10647454658823204,0.9099837082479291,0.9971599202478673,0.01050578183482429,0.07373591668444926,-0.01116855362204803,0.5907209591916347,1.0,0.0028772572612612082,0.016431926411543313,-0.000880118663181495,0.0,0.0,0.0,0.16691311168598993,0.625602962298503,0.013840571962300858,-2.2832746449847816,-0.12647085217963094,3.0574594333576735,1.0675977391252467,0.17610415352026143,0.0612865516292937,-0.026995006068361867,0.09904500492863788,-0.14523926128075088,-0.030931336395241555,0.3057454687281252
161,8.05,2,move_to,-0.03283127727993675,0.11059499432185244,0.9096162347256261,0.9971503049940923,0.010188811609538473,0.0739520436133428,-0.010888186882281926,0.5896786439013101,1.0,0.00240211229541145,0.011625453411767961,-0.0003837082479291043,0.0,0.0,0.0,0.1753952837853348,0.6282599589571471,0.01216656048887668,-2.2787768640151187,-0.13355827254062064,3.055834841574314,1.0824114680259915,0.16277958099211715,0.04561686385706398,-0.03819350357659253,0.08064657223620403,-0.1376069578100507,-0.03321693693893306,0.2858594243402176
162,8.1,2,move_to,-0.032603380615068595,0.11393257981103354,0.9093763017344761,0.9971488896301769,0.009667225501308578,0.07411269873112461,-0.01038963652882853,0.5886415675971156,1.0,0.0020312772799367523,0.007505005678147561,-1.6234725626174118e-05,0.0,0.0,0.0,0.18309771500424737,0.630157253612762,0.010021967367401172,-2.2752625702471314,-0.14016966944196038,3.054238072519126,1.09602859748799,0.14534832801532963,0.031519074092535106,-0.045115348734444206,0.06062465239283277,-0.12633272937068174,-0.029842146298420847,0.2584361649277531
163,8.15,3,move_to,-0.03251778741327493,0.11621054676049598,0.9074551067055245,0.9972101117543156,0.008891013373482536,0.07350125246503288,-0.009513610366644124,0.5876104417599822,1.0,0.0004512322626540053,0.0010427496145763947,-0.01495690685557816,0.0,0.0,0.0,0.18980514559135778,0.6365409574056862,0.007110764569872478,-2.269919623993365,-0.14612801977331633,3.053558221058016,1.1079557457671105,0.12372144672731934,0.17936528077963257,-0.06371855972324897,0.12963762367866966,-0.1122591024737871,0.006235181772757958,0.2188818114459384
164,8.2,3,move_to,-0.032389091067452205,0.11778700182267875,0.9040301609078908,0.9972848561991858,0.008147735228175818,0.07268328780261026,-0.00858310436980024,0.5865827366355794,1.0,0.000444934780175434,0.0004893990113524779,-0.014985410292984221,0.0,0.0,0.0,0.1955355852016139,0.6467849555349617,0.0039595913372175665,-2.262997324519519,-0.1513906968177286,3.054856626185399,1.1179985977820817,0.10596410729024251,0.2104328149633454,-0.061446622792135835,0.13489198457193924,-0.09848727542225934,0.04320906777007442,0.18390833249533106
165,8.25,3,move_to,-0.03229239732391129,0.11900187509280513,0.9002547220846062,0.9973379361963414,0.007556779976367714,0.07210343567577379,-0.007812212475307248,0.5855604776702801,1.0,0.00043773194930112476,8.621865989480219e-05,-0.014993363768122448,0.0,0.0,0.0,0.20045392048448138,0.6578768782194029,0.0009605878677430375,-2.2562279865515418,-0.1559590468202221,3.0577020730160607,1.1264268594133946,0.09120706702010369,0.21801460132858252,-0.0580261549621877,0.12690993159500033,-0.08454959004474222,0.0687800459002459,0.15405525387295108
166,8.3,3,move_to,-0.03226608316140725,0.11991807335262794,0.8963484703371549,0.9973744718476413,0.007079511045011351,0.07171091990051498,-0.007182436705119165,0.5845453141316281,1.0,0.000441670724401931,-0.000266907357160995,-0.014991120286152718,0.0,0.0,0.0,0.20470231279031467,0.6691939714929883,-0.0018775966926317918,-2.2498727018034463,-0.15982216785295325,3.0616251790541504,1.13344770953838,0.07911668647767951,0.22044320378116722,-0.054961349713614834,0.11890070411124627,-0.07037426746721205,0.0867766617901892,0.12751537479622402
167,8.35,3,move_to,-0.03229390803315287,0.12058204930760033,0.8923744897768797,0.9973990650099384,0.0066890083711973955,0.07145561656406778,-0.006667619197172507,0.5835371710891308,1.0,0.00046983042523142393,-0.0005826314624248192,-0.014981315027410628,0.0,0.0,0.0,0.20840380572450556,0.6805965852644569,-0.004575772477546542,-2.2438598883372385,-0.1629682503970281,3.066307419437824,1.1392007403020326,0.069275948251315,0.22165038773201157,-0.05232619420623453,0.11313513452886227,-0.05596517496264707,0.0994390090334093,0.10333034285881404
168,8.4,3,move_to,-0.03235275436183509,0.12103319680044484,0.8883593390243649,0.997414990369797,0.006367514273513487,0.0713007275176899,-0.006244838111745514,0.5825358709716906,1.0,0.0005226807950944509,-0.0008684065396061897,-0.014965716650678931,0.0,0.0,0.0,0.21166009934989632,0.6920502449007129,-0.007152687118575046,-2.2380749077427713,-0.16538669181131627,3.07151807833268,1.1437900692967387,0.06125931009853199,0.22252340107951418,-0.05001029260913159,0.10957552668000885,-0.0413631433657269,0.10814350772428298,0.08098462253448659
169,8.45,3,move_to,-0.032422949935449606,0.12130433010893556,0.8843182352241472,0.9974245930562974,0.006101639125323943,0.07121938534128273,-0.005894940039817216,0.5815412836687337,1.0,0.0005987304557743754,-0.0011310187241275992,-0.014945310919716626,0.0,0.0,0.0,0.21455228204707158,0.7035448214100848,-0.009621037807957793,-2.2324170039313262,-0.16707017942929075,3.077084374513704,1.1472995645997748,0.054672437428556354,0.2232813155252762,-0.0478883825661345,0.10781272176274831,-0.02665573054393803,0.11386023331365673,0.0601625307484122
170,8.5,3,move_to,-0.03248902867082798,0.12142229402750486,0.8802614079108906,0.9974295517124776,0.005880473373586347,0.07119216859939706,-0.005602190077315794,0.580553311008048,1.0,0.0006974720767788033,-0.0013770793090699944,-0.014920361432574117,0.0,0.0,0.0,0.2171427990403114,0.7150765623619005,-0.011987782141501323,-2.226805775923563,-0.16801677087431569,3.0828754409220167,1.149800125501687,0.04916552475948636,0.2239897086731062,-0.045854371807080296,0.10746161085421248,-0.01196686277481442,0.11730488469667155,0.04065307401481368
171,8.55,3,move_to,-0.03253881417161444,0.12140860216286017,0.8761961963110607,0.9974310119483891,0.0056992393822464,0.0712056440068349,-0.005352694241865837,0.5795718809946597,1.0,0.0008202595078053978,-0.0016134381321366556,-0.01489039931410915,0.0,0.0,0.0,0.21947681294343385,0.7266438647889195,-0.01425656641046027,-2.221177784811749,-0.16824870050561577,3.0887916127102137,1.1513579570727843,0.04432675165575904,0.22467759995059855,-0.043959807263378156,0.10822903922343478,0.0005877162281416171,0.11902772801010873,0.022827668839317194
172,8.6,3,move_to,-0.03256481598351163,0.12128235167094847,0.8721272067902761,0.9974292936801737,0.0055981549271165,0.07125449250781705,-0.005124652918343885,0.5785968446895521,1.0,0.0009711314981933131,-0.0018478615068801662,-0.014854033508263248,0.0,0.0,0.0,0.221574529159307,0.7382473789461029,-0.01643570950453489,-2.2154830343486878,-0.16797410450827574,3.0947613696120007,1.1521111248749927,0.039810118397204684,0.22540697224257672,-0.04203521262718347,0.10985631034403529,0.010113655371762658,0.11957912771505695,0.008178673098867573
173,8.65,3,move_to,-0.03255873491649913,0.12106009452243076,0.8680582488910891,0.9974251779826572,0.005516142048542151,0.07133305216654261,-0.004917537165083002,0.5776281487829682,1.0,0.0011600850128533273,-0.0020918886238496855,-0.014808045271012692,0.0,0.0,0.0,0.223459002756428,0.749888986565682,-0.018518220677767774,-2.2096798641088986,-0.167198078181889,3.100730496721445,1.1522222924630439,0.035868417132934316,0.22615536872400138,-0.0400020672190355,0.11228505064413573,0.019927812523667435,0.11908008176875522,-0.0009570285650480235
174,8.7,3,move_to,-0.03251171660614163,0.1207597016623385,0.863993706680505,0.9974194505910077,0.005341587997245315,0.07143895187008922,-0.004731086143989319,0.5766658104625064,1.0,0.0014049916202908035,-0.0023647156602556608,-0.01474564743892428,0.0,0.0,0.0,0.22516311010615842,0.7615695848330856,-0.020509794684725486,-2.203726060890414,-0.1659731032281424,3.106648380358647,1.1519822212994006,0.03255029246251091,0.22692062208143102,-0.03826927934245346,0.11553617595520786,0.028423509350139174,0.11762248722166047,-0.008767388993549514
175,8.75,3,move_to,-0.032413023266490745,0.12038525490789026,0.8599700721310947,0.9974109881410352,0.005133827949211425,0.07158372491896617,-0.004553556064865944,0.5757098398533951,1.0,0.001711716606141632,-0.002659701662338504,-0.014393706680504992,0.0,0.0,0.0,0.22670471557133295,0.7731920108244353,-0.022421975809273832,-2.1976516004392983,-0.16431605343131359,3.1124661092599517,1.1512919563404211,0.029351705962208097,0.22464852675657715,-0.036598793481583666,0.1173428843952132,0.037226782647991376,0.11506211190618902,-0.01860744739615813
176,8.8,3,move_to,-0.03232739697750957,0.1200001789861766,0.8564575664629895,0.9973912513364837,0.004948513061353238,0.07187826957602948,-0.00444053360304065,0.5747597736738248,1.0,0.0016130232664907443,-0.0022852549078902634,-0.010370072131094643,0.0,0.0,0.0,0.22811139307185374,0.783289289440601,-0.02415800692137433,-2.1925360729525676,-0.16225508939214367,3.1180456828027947,1.1501295405466156,0.02703988630678224,0.1785354703874342,-0.032226688959358485,0.0864296253614853,0.044914233434095056,0.10719857713027947,-0.027550518803787106
177,8.85,3,move_to,-0.03232165483447082,0.11964543948035852,0.8537955691819528,0.9973604315310085,0.004794250618355562,0.07231740095676002,-0.004402078616641254,0.5738151650274967,1.0,0.0015273969775095667,-0.001900178986176601,-0.006857566462989517,0.0,0.0,0.0,0.22941761318644197,0.7908958270477003,-0.02566485402117542,-2.189080714244997,-0.15981858706460864,3.1230944978922595,1.1485476560861558,0.025274520234766666,0.12884304720367093,-0.027643097804529258,0.053894175831806446,0.052265137574632574,0.09418066190212357,-0.03541353386514377
178,8.9,4,release,-0.0325516080842542,0.11947887249033598,0.8524338697281878,0.9973188711390447,0.004736769165087777,0.07288535601338779,-0.004511891689665828,0.57335026761321,-1.0,0.0,0.0,0.0,0.0,0.0,0.0,0.2307220617073993,0.7944938119591387,-0.026733295687397064,-2.188516153978236,-0.15710864898897728,3.1273306209043867,1.1466962554095748,0.026643487786889415,0.03424415843282643,-0.017851262336910936,-0.014903845982509963,0.0563360742788537,0.07383632666474574,-0.038431507619467745
179,8.95,4,release,-0.03291667589492239,0.11942695748061032,0.8519430327916359,0.9972815419100569,0.004700735362859391,0.07338864737306199,-0.004640656128079073,0.5747796728615779,-1.0,0.0,0.0,0.0,0.0,0.0,0.0,0.2320689732535189,0.7955936034909812,-0.027560446708475118,-2.189527343943853,-0.15415368004556526,3.1304833621675465,1.1447019729819905,0.027086508555054054,0.013453562704442245,-0.015379478958605076,-0.02249370716068277,0.061520308064264645,0.05336761153895873,-0.04127481577777838
180,9.0,4,release,-0.033243116163626144,0.1194136073181526,0.8516703549680975,0.9972555819079704,0.004643048887274263,0.07373957248399704,-0.004714011062984059,0.577105873960803,-1.0,0.0,0.0,0.0,0.0,0.0,0.0,0.2334234518887595,0.7961051060728728,-0.028274832193875683,-2.190572502864366,-0.1509680715018064,3.1327487685277298,1.1425731856030934,0.026972659920763906,0.007731253616998896,-0.013323241361724109,-0.01889487489581106,0.06549413345700068,0.03811354844225228,-0.043768589718061
181,9.05,4,release,-0.033502724574199276,0.11943254578646265,0.8514808269331695,0.9972386551191871,0.004573245903460648,0.07397046799161774,-0.004745526638982513,0.5799460276095492,-1.0,0.0,0.0,0.0,0.0,0.0,0.0,0.23476018220340794,0.7964311606144088,-0.02889386482054749,-2.191397555275559,-0.14762490585204843,3.1343488701344002,1.140339397856396,0.026405063182008453,0.005418893248095656,-0.011565088991339623,-0.014194867764921468,0.06787518798704362,0.026594643818941027,-0.04548681306480343
182,9.1,4,release,-0.033702700638785735,0.1194745605962701,0.8513380640022341,0.9972286654345384,0.004497232392827721,0.07410956360863166,-0.004747243220202991,0.5839872917432938,-1.0,0.0,0.0,0.0,0.0,0.0,0.0,0.2360589678383045,0.7966689660144419,-0.02943116311211391,-2.192002920964606,-0.1442027303660572,3.1354440511003325,1.1380434167613485,0.025481475458837805,0.004067025593482576,-0.010057845985925741,-0.010179652697608104,0.06873285500789478,0.017809592076939756,-0.04629779577940499
183,9.15,4,release,-0.033854796376315395,0.1195314721429072,0.8512276493528932,0.9972240027782184,0.004418258416145421,0.0741782538626676,-0.004727994230200032,0.5907281660142738,-1.0,0.0,0.0,0.0,0.0,0.0,0.0,0.23730423720939878,0.7968500494839758,-0.029898194005207653,-2.1924283687014445,-0.1407731776725755,3.136153052267142,1.1357302164972856,0.024292902742639202,0.0031150974188641897,-0.008735279463950122,-0.006982853629154,0.06825110102327778,0.011076021528724975,-0.04622216188069226
184,9.2,4,release,-0.033945909999171006,0.11960229183076872,0.8511659570199225,0.9972213145779757,0.004337916251132203,0.07422083517210858,-0.004701048853779287,0.6206157135517044,-1.0,0.0,0.0,0.0,0.0,0.0,0.0,0.23848372397603582,0.7969493276308768,-0.03030445840075283,-2.192696456451323,-0.13739674214753217,3.1365709611968637,1.133440457879322,0.022879527414998612,0.0008847587044799275,-0.00751987559200964,-0.003952741039959659,0.06669487266405752,0.005746059449667169,-0.04539380362225932
185,9.25,4,move_to,-0.03415230945903988,0.11966090688635686,0.8535116773170834,0.9971607979294338,0.0042658363027617266,0.07502251676573991,-0.0048752119447020206,0.6787941690018338,-1.0,0.0,0.0,0.02,0.0,0.0,0.0,0.23959343613839315,0.7897009648376367,-0.030702598903447134,-2.1982570649185367,-0.13432879571154452,3.1365922741672865,1.1312179886240399,0.021234090720364418,-0.2258130574611404,-0.007159834361049954,-0.17121868856889086,0.05820140751223867,-0.01148045861251837,-0.04357762600541279
186,9.3,4,move_to,-0.03466903759001001,0.1196726012825967,0.8579231769620009,0.9970806274158112,0.004180304718023765,0.07606969560898418,-0.005113598978419661,0.7552769194799521,-1.0,4.227136021183854e-05,-1.2004576611670587e-05,0.019999951725497896,0.0,0.0,0.0,0.24058960107189462,0.7765347143512245,-0.030994655453685238,-2.208030657297622,-0.13152931001970491,3.1353107215626164,1.1290974489151557,0.018519063575180343,-0.2732748553918382,-0.004270658113988822,-0.1983390342067109,0.05447171545956088,-0.039844951881615444,-0.04137877453369239
187,9.35,4,move_to,-0.03521019093938675,0.11968404779880772,0.8627698701945457,0.997012865865211,0.004078578985571303,0.0769455458544018,-0.005300326958230637,0.8420808088573308,-1.0,0.0001551016903526407,-1.5080485054698294e-05,0.019999392891901002,0.0,0.0,0.0,0.24143663251286032,0.7620921535620612,-0.031145034146598118,-2.218196109361806,-0.1289297931527466,3.1327841820319153,1.1271050302052446,0.01530428327387514,-0.28424822583028836,-0.0015001149253737098,-0.19392976026058914,0.04999389926016696,-0.061643500969902384,-0.03841496517786023
188,9.4,4,move_to,-0.03566432096695291,0.11970802233680994,0.8677463273609125,0.9969546547570878,0.003969016827753438,0.07769176696206831,-0.005445421003705962,0.9003110500118481,-1.0,0.0002860196993126076,-1.849574461791323e-05,0.019997946160519486,0.0,0.0,0.0,0.24211522078298076,0.7473414046179413,-0.03117261579471761,-2.2279642379743487,-0.126596444474873,3.1292809948815106,1.1252890480337276,0.011952814278740788,-0.2871834339561323,0.00023371959639349564,-0.18414522100051917,0.04376338920478043,-0.07905268866297772,-0.034350212711040516
189,9.45,4,move_to,-0.0360206703328102,0.11972610345653315,0.8727798944317819,0.9969033665830567,0.003855140600106173,0.07834580285241285,-0.0055453369357195414,0.933208908748342,-1.0,0.00041190427556541016,-2.534367407599129e-05,0.01999574186085516,0.0,0.0,0.0,0.24263086618418828,0.7325047574361766,-0.031128889485989922,-2.2372317638946506,-0.1246181310470759,3.124992611542526,1.12371196437665,0.00862622421281242,-0.288070831213129,0.0020418179964545578,-0.1743962473382779,0.036015803622998464,-0.0931532629271157,-0.02887330519165737
190,9.5,4,move_to,-0.03629618830499714,0.11975462925991981,0.8778476821951899,0.996857409993702,0.003741617820336851,0.07892853018166332,-0.005620636983113999,0.9516311815023711,-1.0,0.0005291837076353958,-3.157911499853261e-05,0.019992972949590796,0.0,0.0,0.0,0.24297031950404327,0.7176437359321165,-0.030985064826486178,-2.2460226548663917,-0.12305721912138216,3.1200546005009238,1.122439092008201,0.004930090602982699,-0.28828451411106476,0.004152051307713175,-0.16536147708256102,0.027127232814095896,-0.10504150063196027,-0.022284197121588065
191,9.55,4,move_to,-0.03650316348176853,0.11979200181989619,0.882939859590492,0.9968155864149821,0.003627165703884157,0.07945617799672035,-0.005678567360200827,0.9619360200772961,-1.0,0.0006407861152559176,-4.1533681007828366e-05,0.019989689044801,0.0,0.0,0.0,0.24311638639346697,0.7027826220992659,-0.030733466449588676,-2.2543731462393106,-0.12196527635735474,3.1145623855596694,1.12151658782726,0.0009142412633276823,-0.2881451175736345,0.006368956790486513,-0.157033649472779,0.017330810922425124,-0.11526991282796104,-0.014929004370316416
192,9.6,4,move_to,-0.03665272074121069,0.11984030504653875,0.8880501427387612,0.9967769035473052,0.0035137028378500693,0.07994213688514104,-0.005719545196059356,0.9676977553845767,-1.0,0.000749111925506091,-5.557290906440256e-05,0.019985888596078052,0.0,0.0,0.0,0.24308318283259117,0.6879366796491225,-0.03038148626632772,-2.26231572343962,-0.12137237541744708,3.108589217316972,1.120982279393584,-0.002176228914237927,-0.2877364802825831,0.008152653714519563,-0.14930606561672685,0.007239386745649692,-0.12419609800498307,-0.00673771975030404
193,9.65,4,move_to,-0.036754217883177974,0.1199031786925294,0.8931735232569291,0.9967406039142462,0.0033932821338455792,0.08039691548534404,-0.005743703114228072,0.9709185376448919,-1.0,0.0008569344354977664,-7.535130459221209e-05,0.019981491074345638,0.0,0.0,0.0,0.242891028969169,0.6731187479532227,-0.02993439647474338,-2.269877010081218,-0.12125984507241719,3.1021937742940358,1.1208541958214124,-0.005498447329656135,-0.28709029698973043,0.010342945244161095,-0.1420441633066271,-0.00033866014680198286,-0.13207646797058886,-0.00015588805174350162
194,9.7,4,move_to,-0.03680857162822727,0.1199665965483367,0.8983070146543414,0.9967062195634043,0.003285894891313566,0.0808253261772685,-0.005760332171589232,0.9727187504856044,-1.0,0.0009673617903853607,-0.00010364478017308403,0.019976322707796982,0.0,0.0,0.0,0.24251959595705055,0.6583394094796066,-0.029366294664043214,-2.277075895230872,-0.1213967741608851,3.09542001663695,1.1208558813062366,-0.009449529089213215,-0.2862660892826141,0.012917041018783442,-0.13508608310247203,-0.004615786370884852,-0.13921547361029998,9.42052883595663e-05
195,9.75,4,move_to,-0.03681627823396416,0.120017459197572,0.903448437648278,0.9966732107464024,0.003227119398945549,0.08123307091995009,-0.005769304096290699,0.9739152417240582,-1.0,0.001081521884003017,-0.00013763538117678555,0.01997026206428626,0.0,0.0,0.0,0.24192827519407958,0.6436078086341565,-0.02865800335191853,-2.283924487186589,-0.12176784013246379,3.088301544002415,1.1208838141063606,-0.014217295369121925,-0.28525331750221244,0.015971823379971606,-0.1283232351355315,-0.009669896116964151,-0.145744825158339,0.001355087449215882
196,9.8,4,move_to,-0.03677944182524495,0.12005366173405099,0.9085955784269223,0.9966413024722758,0.0031891940368612964,0.08162469905720211,-0.005775097538660456,0.9750342406005583,-1.0,0.0012008508275105452,-0.00017368993634261535,0.019963160799234186,0.0,0.0,0.0,0.24108226654300619,0.6289340465210095,-0.027784724223721902,-2.2904295205279785,-0.12241764120259704,3.0808649705076405,1.1210255363036175,-0.019569296050998778,-0.284036682762988,0.01950352519951133,-0.12165212173130245,-0.015676868757585186,-0.15181240401472748,0.004394805788818413
197,9.85,4,move_to,-0.036699513878230616,0.12007601546537995,0.9137464321367801,0.9966102202391984,0.00315792049313764,0.08200424743601237,-0.005779260799375512,0.9761050299483932,-1.0,0.0013282088043077359,-0.0002115781704028773,0.019954726158230497,0.0,0.0,0.0,0.23995653409756545,0.6143291375815005,-0.026724115202034125,-2.296593217806866,-0.12338500749558409,3.0731308247139517,1.1213416041687563,-0.025353750034406992,-0.28259670839190265,0.023462507599060198,-0.11499870827087016,-0.022270234292210006,-0.15751350330363595,0.008208861410996677
198,9.9,4,move_to,-0.036576769420136594,0.120085605938085,0.918899081598416,0.9965796859617415,0.003129441878717593,0.08237541944660752,-0.005781556271322145,0.9771298929163335,-1.0,0.0014676614190091664,-0.000252493071744635,0.01994447836389493,0.0,0.0,0.0,0.23853223716555014,0.5998054920198221,-0.025455519326987808,-2.3024141661781847,-0.12468660186732343,3.065115934274283,1.1218561298823377,-0.03146677978060275,-0.2809017165500275,0.027826303263486226,-0.1082944476750544,-0.028968395791013964,-0.16290753118183302,0.012262219427582073
199,9.95,4,move_to,-0.03641005529990259,0.12008336856791416,0.9240515497973385,0.9965494269848093,0.0031017974607924223,0.08274173572732985,-0.005781314520797381,0.978110800812397,-1.0,0.0016251129374278465,-0.00029854883251527025,0.019931630052135937,0.0,0.0,0.0,0.23679511707051176,0.5853777646223605,-0.02395958606662143,-2.3078869465759237,-0.12631609342624853,3.0568347204939217,1.1225706051798958,-0.03782609299721881,-0.2789009238723496,0.03256630644043355,-0.1014557640762726,-0.035335933113451394,-0.16803665933783654,0.016163570576404912
200,10.0,4,move_to,-0.036196266149402204,0.12006972184863118,0.9292015966144752,0.9965191577749551,0.003073177956023919,0.08310680508921628,-0.005777777479856499,0.9790496387012976,-1.0,0.0018098489656123693,-0.00035333802549888146,0.01991480853438989,0.0,0.0,0.0,0.23473458463781513,0.5710642819477926,-0.022218959002465816,-2.313000692585937,-0.12824712010306907,3.0482999402494584,1.123468712322039,-0.04436511762867734,-0.27651060034014824,0.0376366054743788,-0.09436316529933735,-0.04100316628027908,-0.17293215761706623,0.019584519159091793
201,10.05,4,move_to,-0.03592927261008685,0.12004404918993479,0.9343463575384272,0.996488542486482,0.0030414325552438597,0.08347478297013625,-0.005770181042727189,0.9799482108222557,-1.0,0.0020379704129087177,-0.0004233145701898033,0.01989139214260213,0.0,0.0,0.0,0.23234289466997773,0.5568897412860683,-0.02021947684809122,-2.3177359656935703,-0.13043635147506644,3.039523327415851,1.124518535731278,-0.05103420138541885,-0.2735827382421584,0.04296601498061726,-0.08682147810488197,-0.04565607023202344,-0.17761542810533285,0.022225954699109166
202,10.1,4,move_to,-0.035604851864388054,0.12001241518829893,0.9391303178415106,0.9964706176626903,0.003011163692824784,0.08369238950948696,-0.005729307666912681,0.9808082437131649,-1.0,0.001983362610915841,-0.00044175735916607284,0.01681959948149525,0.0,0.0,0.0,0.22962418792970232,0.543917922276312,-0.017946337306322616,-2.321534795497416,-0.1328236905192411,3.0306805345478174,1.1256857821920674,-0.05737990749020759,-0.2380004113840068,0.04815962107967787,-0.06220701157548489,-0.049293141745741585,-0.17497163536541058,0.024307042283196294
203,10.15,4,move_to,-0.035196121013419325,0.11998167330593446,0.9430561182774784,0.9964773515252443,0.0029939004276651965,0.0836191341168689,-0.005636032914007318,0.9816313898662528,-1.0,0.001658941865217048,-0.0004101233575302121,0.012035639178411883,0.0,0.0,0.0,0.22661101948535287,0.5335585910542481,-0.01543734683915138,-2.323737287567085,-0.13538589580366192,3.0222496803392755,1.1269517870592445,-0.06276186155959418,-0.1783082463319137,0.05204690932015233,-0.02786468992512434,-0.05295874734648107,-0.16135595551794377,0.026228905269735807
204,10.2,4,move_to,-0.0347066721401993,0.11994537618523388,0.9459928965362523,0.9965052308074597,0.0029999714638651253,0.08329455071336822,-0.005508444975160108,0.9824192308610085,-1.0,0.0012502110142483189,-0.00037938147516573817,0.008109838742444087,0.0,0.0,0.0,0.2233619256167331,0.5261085626401988,-0.012777076614559289,-2.3243902430617314,-0.13814284866158053,3.0146769716957773,1.1283133197333859,-0.06681088848632682,-0.12400524441350223,0.05417487614342883,-0.001536339240492361,-0.05710773254807819,-0.1411861006315425,0.02817742307008927
